,title,author,publication_date,format,current_price,original_price
0,It Ends With Us: The most heartbreaking novel you'll ever read,Colleen Hoover,02 Aug 2016,Paperback,US$16.94,US$16.94
1,The Seven Husbands of Evelyn Hugo,Taylor Jenkins Reid,02 Apr 2020,Paperback,US$13.79,US$13.79
2,Death to Jar Sauce,Nat's What I Reckon,16 Nov 2021,Paperback,US$22.77,US$25.44
3,The Midnight Library,Matt Haig,18 Feb 2021,Paperback,US$11.41,US$12.35
4,The Body Keeps the Score,Bessel van der Kolk,24 Sep 2015,Paperback,US$17.14,US$17.14
5,The Song of Achilles,Madeline Miller,21 Sep 2017,Paperback,US$18.10,US$18.10
6,"Beautiful World, Where Are You",Sally Rooney,07 Sep 2021,Hardback,US$21.48,US$23.34
7,The Love Hypothesis,Ali Hazelwood,28 Sep 2021,Paperback,US$13.99,US$16.00
8,Dune,Frank Herbert,23 Jul 2015,Paperback,US$17.29,US$17.29
9,Peril,Bob Woodward,21 Sep 2021,Hardback,US$27.60,US$27.60
10,The Thursday Murder Club,Richard Osman,13 May 2021,Paperback,US$15.16,US$15.16
11,Ugly Love: A Novel,Hoover,05 Aug 2014,Paperback,US$15.71,US$16.99
12,You Can Do All Things 2022 Day-to-Day Calendar,Kate Allan,30 Sep 2021,Calendar,US$15.15,US$15.99
13,Man's Search For Meaning,Viktor E Frankl,06 Oct 2015,Paperback,US$8.03,US$9.60
14,Six Crimson Cranes,Elizabeth Lim,08 Jul 2021,Hardback,US$23.97,US$23.97
15,Where the Crawdads Sing,Delia Owens,20 Dec 2019,Paperback,US$10.56,US$12.35
16,Piranesi,Susanna Clarke,02 Sep 2021,Paperback,US$11.68,US$12.35
17,Atomic Habits,James Clear,27 Nov 2018,Paperback,US$21.19,US$23.34
18,Your Head is a Houseboat,Campbell Walker,29 Sep 2021,Paperback,US$17.89,US$19.99
19,They Both Die at the End,Adam Silvera,07 Sep 2017,Paperback,US$10.42,US$10.98
20,Grandmaster of Demonic Cultivation,Mo Xiang Tong Xiu,14 Dec 2021,Paperback,US$17.89,US$19.99
21,The Song of Achilles,Madeline Miller,02 Sep 2021,Hardback,US$38.70,US$38.70
22,The Beekeeper of Aleppo,Christy Lefteri,01 Apr 2020,Paperback,US$10.68,US$12.35
23,Dune,Frank Herbert,15 Jul 2011,Paperback,US$14.15,US$14.15
24,Heaven Official's Blessing,Mo Xiang Tong Xiu,14 Dec 2021,Paperback,US$17.89,US$19.99
25,Normal People,Sally Rooney,23 Jul 2019,Paperback,US$13.90,US$13.90
26,The Atlas Six,Olivie Blake,30 Jan 2020,Paperback,US$16.79,US$16.79
27,The Silent Patient,Alex Michaelides,15 Jan 2020,Paperback,US$10.05,US$12.35
28,The Hating Game,Sally Thorne,07 Sep 2017,Paperback,US$15.86,US$15.86
29,A Passage North,Anuk Arudpragasam,15 Jul 2021,Hardback,US$25.81,US$25.81
30,Come as You Are: Revised and Updated,Emily Nagoski,02 Mar 2021,Paperback,US$18.54,US$18.54
31,I Grew with You,Sarah Molitor,26 Oct 2021,Hardback,US$15.95,US$16.95
32,Conversations with Friends,Sally Rooney,01 Mar 2018,Paperback,US$15.01,US$15.01
33,The Scum Villain's Self-Saving System,Mo Xiang Tong Xiu,14 Dec 2021,Paperback,US$17.89,US$19.99
34,You Can Do All Things 2022 Day-to-Day Calendar,Kate Allan,30 Sep 2021,Calendar,US$15.15,US$15.99
35,Clarity & Connection,Yung Pueblo,02 Jul 2021,Paperback,US$15.47,US$16.99
36,"Red, White & Royal Blue",Casey McQuiston,14 May 2019,Paperback,US$13.65,US$16.99
37,Red Roulette,Desmond Shum,07 Sep 2021,Paperback,US$34.83,US$34.83
38,The Vanishing Half,Brit Bennett,03 Jun 2021,Paperback,US$14.51,US$14.51
39,The Spanish Love Deception,Elena Armas,22 Feb 2021,Paperback,US$25.98,US$25.98
40,The Cruel Prince (The Folk of the Air),Holly Black,26 Jul 2018,Paperback,US$10.21,US$12.35
41,One Of Us Is Lying,Karen M. McManus,01 Jun 2017,Paperback,US$11.20,US$11.20
42,Verity,Colleen Hoover,10 Dec 2018,Paperback,US$14.64,US$14.99
43,The Hebridean Baker,Coinneach MacLeod,15 Oct 2021,Hardback,US$27.16,US$27.48
44,Empire of the Vampire,Jay Kristoff,07 Sep 2021,Hardback,US$25.99,US$25.99
45,1984,George Orwell,01 Oct 2008,Paperback,US$8.33,US$17.75
46,12 Rules for Life,Jordan B. Peterson,07 May 2019,Paperback,US$14.05,US$15.10
47,Your One Wild and Precious Life,Maureen Gaffney,16 Sep 2021,Paperback,US$21.77,US$21.77
48,All Your Perfects,Colleen Hoover,09 Aug 2018,Paperback,US$13.83,US$16.99
49,Our Family Pledge,Emmaline Carroll Southwell,28 Sep 2021,Hardback,US$13.88,US$14.53
50,Rich Dad Poor Dad,Robert T. Kiyosaki,31 Oct 2018,Paperback,US$9.43,US$9.43
51,The Psychology of Money,Morgan Housel,08 Sep 2020,Paperback,US$17.64,US$18.99
52,If We Were Villains - signed edition,M. L. Rio,24 Sep 2021,Hardback,US$18.43,US$20.59
53,The Secret History,Donna Tartt,01 Jul 1995,Paperback,US$20.13,US$20.13
54,"The Boy, The Mole, The Fox and The Horse",Charlie Mackesy,04 Nov 2019,Hardback,US$23.22,US$23.34
55,The Very Hungry Caterpillar,Eric Carle,29 Sep 1994,Board book,US$9.32,US$9.48
56,"Thinking, Fast and Slow",Daniel Kahneman,24 May 2012,Paperback,US$21.19,US$21.19
57,Heaven Official's Blessing: Tian Guan Ci Fu (Novel) Vol. 2,Mo Xiang Tong Xiu,15 Feb 2022,Paperback,US$17.89,US$19.99
58,The Invisible String,Patrice Karst,06 Dec 2018,Paperback,US$10.67,US$10.67
59,The Truth About COVID-19,Doctor Joseph Mercola,29 Apr 2021,Hardback,US$21.05,US$24.95
60,A Good Girl's Guide to Murder,Holly Jackson,17 Oct 2019,Paperback,US$12.77,US$12.77
61,Aristotle and Dante Dive Into the Waters of the World,Benjamin Alire Saenz,12 Oct 2021,Paperback,US$13.00,US$13.00
62,Six of Crows: Collector's Edition,Leigh Bardugo,11 Oct 2018,Hardback,US$20.92,US$23.34
63,Joshua Weissman: An Unapologetic Cookbook,Joshua Weissman,14 Sep 2021,Hardback,US$30.01,US$30.01
64,Dear Zoo,Rod Campbell,08 May 2007,Board book,US$7.65,US$7.65
65,"My Hero Academia, Vol. 29",Kohei Horikoshi,30 Sep 2021,Paperback,US$9.77,US$9.99
66,The Power of Now,Eckhart Tolle,07 Jan 2016,Paperback,US$13.46,US$19.75
67,Hamnet,Maggie O'Farrell,15 Apr 2021,Paperback,US$15.83,US$15.83
68,Ugly Love,Colleen Hoover,21 Jan 2016,Paperback,US$13.87,US$15.50
69,Grandmaster of Demonic Cultivation: Mo Dao Zu Shi (Novel) Vol. 2,Mo Xiang Tong Xiu,15 Mar 2022,Paperback,US$17.89,US$19.99
70,Start With Why,Simon Sinek,11 Oct 2011,Paperback,US$12.49,US$21.75
71,A Little Life,Hanya Yanagihara,10 Mar 2017,Paperback,US$16.08,US$16.08
72,Circe,Madeline Miller,24 Apr 2019,Paperback,US$13.47,US$13.72
73,Animal Farm,George Orwell,01 Oct 2008,Paperback,US$7.26,US$17.75
74,Attached,Amir Levine,22 Aug 2019,Paperback,US$15.46,US$15.46
75,Dune Messiah,Frank Herbert,16 May 2018,Paperback,US$15.41,US$15.41
76,Heaven Official's Blessing: Tian Guan Ci Fu (Novel) Vol. 2,Mo Xiang Tong Xiu,15 Feb 2022,Paperback,US$17.89,US$19.99
77,Shuggie Bain,Douglas Stuart,15 Apr 2021,Paperback,US$12.33,US$12.35
78,We Were Liars,E. Lockhart,13 May 2014,Paperback,US$14.17,US$14.17
79,Heaven Official's Blessing: Tian Guan Ci Fu (Novel) Vol. 3,Mo Xiang Tong Xiu,17 May 2022,Paperback,US$17.89,US$19.99
80,The Man Who Died Twice,Richard Osman,16 Sep 2021,Hardback,US$26.32,US$26.32
81,The Alchemist,Paulo Coelho,01 Jun 2020,Paperback,US$8.92,US$8.99
82,Bewilderment,Richard Powers,21 Sep 2021,Hardback,US$24.05,US$26.09
83,The Fortune Men,Nadifa Mohamed,27 May 2021,Hardback,US$21.47,US$21.47
84,If We Were Villains,M. L. Rio,13 Jun 2017,Paperback,US$14.27,US$14.27
85,Crooked Kingdom Collector's Edition,Leigh Bardugo,05 Sep 2019,Hardback,US$21.59,US$23.34
86,"Solo Leveling, Vol. 2",Chugong,20 Jul 2021,Paperback,,
87,Have You Filled A Bucket Today?,Carol McCloud,01 Oct 2015,Paperback,US$9.77,US$9.95
88,Meine Reise durch Europa,Rita Berman,30 Sep 2021,Paperback,US$10.34,US$10.34
89,This is Going to Hurt,Adam Kay,19 Apr 2018,Paperback,US$12.84,US$12.84
90,Crooked Kingdom Collector's Edition,Leigh Bardugo,05 Sep 2019,Hardback,US$21.59,US$23.34
91,Have You Filled A Bucket Today?,Carol McCloud,01 Oct 2015,Paperback,US$9.77,US$9.95
92,Meine Reise durch Europa,Rita Berman,30 Sep 2021,Paperback,US$10.34,US$10.34
93,This is Going to Hurt,Adam Kay,19 Apr 2018,Paperback,US$12.84,US$12.84
94,November 9,Colleen Hoover,10 Nov 2015,Paperback,US$15.38,US$16.99
95,The Bell Jar,Sylvia Plath,15 Aug 2011,Paperback,US$11.78,US$12.95
96,The Whole-Brain Child,Daniel J. Siegel,29 Nov 2018,Paperback,US$13.88,US$17.00
97,The Song of Achilles,Madeline Miller,28 Aug 2012,Paperback,US$15.71,US$16.99
98,Giraffes Can't Dance,Giles Andreae,01 May 2014,Paperback,US$11.52,US$13.25
99,The Deal,Elle Kennedy,24 Feb 2015,Paperback,US$15.24,US$15.24
100,The Unhoneymooners,Christina Lauren,14 May 2019,Paperback,US$15.71,US$16.99
101,These Hollow Vows,Lexi Ryan,20 Jul 2021,Hardback,US$20.30,US$20.30
102,The Koala Who Could,Rachel Bright,17 Feb 2017,Paperback,US$12.47,US$12.47
103,Heartstopper Volume Four,Alice Oseman,13 May 2021,Paperback,US$17.36,US$17.36
104,The Forever Dog,Rodney Habib,12 Oct 2021,Paperback,US$17.22,US$19.24
105,The Inheritance Games,Jennifer Lynn Barnes,27 Jul 2021,Paperback,US$12.70,US$12.70
106,"Girl, Woman, Other",Bernardine Evaristo,05 Mar 2020,Paperback,US$14.48,US$14.48
107,"The Boy, the Mole, the Fox and the Horse",Charlie Mackesy,22 Oct 2020,Hardback,US$21.05,US$22.99
108,From Blood and Ash,Jennifer L Armentrout,25 May 2021,Hardback,US$37.06,US$37.06
109,The Almanack of Naval Ravikant,Eric Jorgenson,15 Sep 2020,Paperback,US$14.98,US$16.99
110,Children Of Dune,Frank Herbert,28 Jan 2021,Paperback,US$16.57,US$16.57
111,Mindset - Updated Edition,Dr Carol Dweck,11 Apr 2017,Paperback,US$24.05,US$24.05
112,The Lion Inside,Rachel Bright,10 Mar 2016,Paperback,US$12.00,US$12.00
113,The Flatshare,Beth O'Leary,11 May 2020,Paperback,US$15.49,US$15.49
114,The Promise,Damon Galgut,17 Jun 2021,Paperback,US$19.92,US$19.92
115,The Daily Stoic,Ryan Holiday,03 Jan 2017,Paperback,US$13.13,US$15.10
116,The Scum Villain's Self-Saving System: Ren Zha Fanpai Zijiu Xitong (Novel) Vol. 2,Mo Xiang Tong Xiu,19 Apr 2022,Paperback,US$17.89,US$19.99
117,The House in the Cerulean Sea,TJ Klune,16 Sep 2021,Paperback,US$13.25,US$13.25
118,What Really Happened In Wuhan,Sharri Markson,29 Sep 2021,Paperback,US$22.77,US$25.44
119,Dance of Thieves,Mary Pearson,06 Aug 2019,Paperback,US$14.62,US$14.62
120,Think Again,Adam Grant,04 Feb 2021,Paperback,US$18.62,US$20.59
121,They Both Die at the End,Adam Silvera,18 Dec 2018,Paperback,US$13.06,US$13.06
122,The Four Agreements,Don Miguel Ruiz,07 Nov 1997,Paperback,US$11.42,US$12.95
123,Four Thousand Weeks,Oliver Burkeman,26 Aug 2021,Paperback,US$30.86,US$30.86
124,Six of Crows,Leigh Bardugo,02 Jun 2016,Paperback,US$12.68,US$12.68
125,A Court of Thorns and Roses,Sarah J. Maas,05 Jun 2020,Paperback,US$11.88,US$12.35
126,The Folk of the Air Boxset,Holly Black,08 Oct 2020,Novelty book,US$39.29,US$39.29
127,"My Hero Academia, Vol. 1",Kohei Horikoshi,27 Aug 2015,Paperback,US$20.35,US$20.35
128,The Hawthorne Legacy,Jennifer Lynn Barnes,09 Sep 2021,Paperback,US$11.19,US$11.19
129,Breath,James Nestor,08 Jul 2021,Paperback,US$15.80,US$15.80
130,Dark Rise,C S Pacat,28 Sep 2021,Hardback,US$18.90,US$18.99
131,The Tiger Who Came to Tea,Judith Kerr,06 Feb 2006,Paperback,US$9.09,US$9.09
132,Crime and Punishment,Fyodor Dostoevsky,05 May 2000,Paperback,US$6.18,US$6.18
133,Untamed,Glennon Doyle,25 May 2020,Paperback,US$18.34,US$20.59
134,Berserk Volume 1,Kentaro Miura,17 Mar 2009,Paperback,US$13.92,US$14.99
135,How to Win Friends and Influence People,Dale Carnegie,16 May 2011,Paperback,US$10.69,US$10.69
136,BYWAYS. Photographs by Roger A Deakins,Roger  Deakins,19 Oct 2021,Hardback,US$56.50,US$56.50
137,The Promise,Damon Galgut,17 Jun 2021,Hardback,US$24.70,US$24.70
138,The Montessori Toddler,Simone Davies,12 Apr 2019,Paperback,US$17.72,US$19.95
139,The Wicked King (The Folk of the Air #2),Holly Black,04 Oct 2019,Paperback,US$10.44,US$12.35
140,And Away...,Bob Mortimer,16 Sep 2021,Paperback,US$21.39,US$21.39
141,The Day the Crayons Quit,Drew Daywalt,01 Aug 2014,Paperback,US$13.22,US$13.22
142,The Rainbow Fish,Marcus Pfister,01 Jul 2012,Paperback,US$10.27,US$10.27
143,When the Body Says No,Dr Gabor Mate,03 Jan 2019,Paperback,US$15.86,US$15.86
144,Think and Grow Rich,Napoleon Hill,01 Sep 2005,Paperback,US$10.29,US$10.29
145,How to Save a Life,LYNETTE RICE,28 Sep 2021,Paperback,US$18.43,US$20.59
146,"Vagabond (VIZBIG Edition), Vol. 1",Takehiko Inoue,03 Jul 2014,Paperback,US$30.70,US$30.70
147,I Want My Hat Back,Jon Klassen,04 Oct 2012,Paperback,US$9.54,US$15.50
148,One Up On Wall Street,Peter Lynch,31 Oct 2018,Paperback,US$15.62,US$18.99
149,The Untethered Soul,Michael A. Singer,07 Nov 2007,Paperback,US$14.10,US$18.95
150,"Good Vibes, Good Life",Vex King,04 Dec 2018,Paperback,US$13.92,US$16.99
151,Ranger 22,Ray Goggins,03 Nov 2021,Paperback,US$20.54,US$22.95
152,The Great Dune Trilogy,Frank Herbert,17 Nov 2005,Paperback,US$30.88,US$37.50
153,The Great Dune Trilogy,Frank Herbert,05 Dec 2019,Hardback,US$43.42,US$48.08
154,The Witcher Boxed Set,Andrzej Sapkowski,01 Oct 2020,Paperback,US$87.46,US$108.52
155,The Queen of Nothing (The Folk of the Air #3),Holly Black,23 Jul 2020,Paperback,US$13.88,US$13.88
156,Inward,Yung Pueblo,05 Aug 2020,Paperback,US$14.58,US$16.99
157,Tales From the Forest Kingdom Coloring Book,Hanna Karlzon,31 Aug 2021,Hardback,US$16.10,US$16.10
158,Nine Perfect Strangers,Liane Moriarty,05 Jun 2019,Paperback,US$15.23,US$15.23
159,Deep Work,Cal Newport,05 Jan 2016,Paperback,US$19.39,US$20.59
160,Big Panda and Tiny Dragon,James Norbury,16 Sep 2021,Hardback,US$21.39,US$21.39
161,A Cook's Book,Nigel Slater,14 Oct 2021,Hardback,US$40.22,US$41.21
162,The Twins of Auschwitz,Eva Mozes Kor,24 Sep 2020,Paperback,US$14.30,US$14.30
163,Our Dreams at Dusk: Shimanami Tasogare Vol. 2,Yuhki Kamatani,23 Jul 2019,Paperback,US$13.41,US$13.41
164,No One Is Talking About This,Patricia Lockwood,16 Feb 2021,Hardback,US$20.10,US$20.59
165,How To Do The Work,Nicole Lepera,11 Mar 2021,Paperback,US$27.19,US$27.19
166,Look Inside Your Body,Louie Stowell,08 Jan 2021,Board book,US$20.52,US$20.52
167,Great Circle,Maggie Shipstead,04 May 2021,Hardback,US$24.16,US$24.16
168,The Legacy,Elle Kennedy,21 Sep 2021,Paperback,US$14.83,US$14.83
169,Matilda,Roald Dahl,16 Aug 2007,Paperback,US$8.35,US$8.35
170,Crooked Kingdom (Six of Crows Book 2),Leigh Bardugo,21 Jun 2017,Paperback,US$21.76,US$21.76
171,Aristotle and Dante Discover the Secrets of the Universe,Benjamin Alire Sáenz,27 May 2021,Paperback,US$14.51,US$14.51
172,"Peaceful Parent, Happy Kids",Laura Markham,28 Nov 2012,Paperback,US$14.92,US$17.00
173,The Wonderful Things You Will Be,Emily Winfield Martin,22 Sep 2015,Hardback,US$18.88,US$18.88
174,Everything I Never Told You,Celeste Ng,13 Nov 2014,Paperback,US$10.08,US$12.35
175,Everything I Know About Love,Dolly Alderton,07 Feb 2019,Paperback,US$14.69,US$14.69
176,"Given, Vol. 6",Natsuki Kizu,14 Oct 2021,Paperback,US$11.63,US$12.99
177,The Little Book of Joy,Joanne Ruelos Diaz,02 Sep 2021,Hardback,US$21.19,US$21.19
178,Berserk Deluxe Volume 4,Kentaro Miura,12 Mar 2020,Hardback,US$55.78,US$55.78
179,Natural Magick,Lindsay Squire,21 Sep 2021,Paperback,US$17.38,US$19.99
180,Natural Magick,Lindsay Squire,21 Sep 2021,Paperback,US$17.38,US$19.99
181,Goodnight Moon,Margaret Wise Brown,24 Jun 2011,Board book,US$9.45,US$9.45
182,The Stranger,Albert Camus,09 Aug 2016,Paperback,US$11.61,US$13.95
183,Kingdom of the Cursed,Kerri Maniscalco,05 Oct 2021,Hardback,US$17.25,US$18.99
184,Braiding Sweetgrass,Robin Wall Kimmerer,23 Apr 2020,Paperback,US$15.43,US$15.43
185,My Policeman,Bethan Roberts,01 Apr 2014,Paperback,US$12.10,US$18.95
186,Belonging,Catherine Corless,16 Sep 2021,Paperback,US$19.42,US$21.97
187,Ariadne,Jennifer Saint,29 Apr 2021,Hardback,US$26.80,US$26.80
188,Iced,Felix Francis,16 Sep 2021,Hardback,US$27.54,US$27.54
189,"Brown Bear, Brown Bear, What Do You See?",Eric Carle,02 Jan 1997,Board book,US$10.15,US$11.06
190,Never Split the Difference,Chris Voss,29 Jun 2018,Paperback,US$9.21,US$9.21
191,Invisible Women,Caroline Criado Perez,05 Mar 2020,Paperback,US$13.56,US$13.72
192,Entangled Life,Merlin Sheldrake,02 Sep 2021,Paperback,US$14.96,US$15.10
193,A Radical Awakening,Dr Shefali Tsabary,18 May 2021,Paperback,US$25.03,US$25.03
194,Some Things I Still Can't Tell You,Misha Collins,25 Nov 2021,Paperback,US$13.42,US$14.99
195,Welcome Home,Najwa Zebian,01 Jun 2021,Paperback,,
196,Uzumaki (3-in-1 Deluxe Edition),Junji Ito,21 Nov 2013,Hardback,US$33.74,US$33.74
197,Anxious People,Fredrik Backman,19 Aug 2021,Paperback,US$12.98,US$12.98
198,The Brightest Night (Wings of Fire Graphic Novel 5 ),Tui T. Sutherland,07 Oct 2021,Paperback,US$13.41,US$13.41
199,Beano Annual 2022,,01 Aug 2021,Hardback,US$15.69,US$15.69
200,Go Tell the Bees that I am Gone,Diana Gabaldon,23 Nov 2021,Paperback,US$22.84,US$24.04
201,The Montessori Baby,Simone Davies,11 May 2021,Paperback,US$19.04,US$19.95
202,God Emperor Of Dune,Frank Herbert,28 Jan 2021,Paperback,US$17.03,US$17.03
203,The Shadow and Bone Trilogy Boxed Set,Leigh Bardugo,14 Nov 2017,Paperback,US$38.55,US$38.55
204,Where's Spot?,Eric Hill,16 Jun 2011,Board book,US$9.95,US$9.95
205,The Art of War,Sun Tzu,14 Oct 2011,Paperback,US$7.25,US$7.25
206,Surrounded by Idiots,Thomas Erikson,30 Jul 2019,Paperback,US$12.74,US$13.72
207,Lit from Within,Sarah Powers,02 Nov 2021,Paperback,US$17.86,US$19.95
208,Range,David Epstein,01 Oct 2020,Paperback,US$13.36,US$15.10
209,The Lean Startup,Eric Ries,13 Oct 2011,Paperback,US$20.78,US$20.78
210,Never Let Me Go,Kazuo Ishiguro,01 Feb 2010,Paperback,US$11.61,US$11.61
211,The Unhoneymooners,Christina Lauren,14 May 2020,Paperback,US$11.30,US$12.35
212,Playing Big,Tara Mohr,12 Mar 2015,Paperback,US$12.97,US$13.72
213,The Mountain Is You,Brianna Wiest,01 Jun 2020,Paperback,US$27.55,US$27.55
214,Christians,Greg Sheridan,06 Jan 2022,Paperback,US$35.85,US$35.85
215,The Courage To Be Disliked,Ichiro Kishimi,23 Jul 2019,Paperback,US$18.86,US$18.86
216,It Starts with the Egg,Rebecca Fett,28 Feb 2019,Paperback,US$22.76,US$22.76
217,"Set Boundaries, Find Peace",Nedra Glover Tawwab,30 Mar 2021,Paperback,US$15.88,US$20.59
218,"Get A Life, Chloe Brown",Talia Hibbert,05 Nov 2019,Paperback,US$14.88,US$14.88
219,The Snail and the Whale,Julia Donaldson,04 Jun 2006,Paperback,US$9.90,US$9.90
220,"Oh, The Places You'll Go!",Dr. Seuss,01 Jun 2017,Paperback,US$9.80,US$15.50
221,"Chainsaw Man, Vol. 7",Tatsuki Fujimoto,28 Oct 2021,Paperback,US$8.94,US$9.99
222,Daisy Jones and The Six,Taylor Jenkins Reid,09 Jan 2020,Paperback,US$15.91,US$15.91
223,The Comfort Book,Matt Haig,06 Jul 2021,Hardback,US$26.74,US$26.74
224,Batman: The World,Brian Azzarello,14 Sep 2021,Paperback,,
225,What to Do When You Worry Too Much,Dawn Huebner,15 Sep 2005,Paperback,US$16.67,US$16.99
226,Can't Hurt Me,David Goggins,11 Oct 2018,Paperback,US$25.34,US$25.34
227,Misfits,Michaela Coel,07 Sep 2021,Hardback,US$12.82,US$13.72
228,Percy Jackson and the Olympians,Rick Riordan,03 Jun 2014,Paperback,US$45.94,US$45.94
229,Unbound,Tarana Burke,14 Sep 2021,Hardback,US$21.39,US$27.48
230,Unnatural Causes,Dr Richard Shepherd,24 Sep 2019,Paperback,US$18.52,US$18.52
231,Wheel of Time Premium Boxed Set I,Robert Jordan,29 Oct 2019,Paperback,US$40.43,US$40.43
232,One Last Stop,Casey McQuiston,01 Jun 2021,Paperback,US$13.81,US$16.99
233,There Was an Old Lady Who Swallowed a Fly,,01 Dec 2000,Board book,US$7.18,US$7.18
234,The Book You Wish Your Parents Had Read (and Your Children Will Be Glad That You Did),Philippa Perry,01 Jan 2021,Paperback,US$14.25,US$14.25
235,de Sangre Y Cenizas,Jennifer L Armentrout,26 Oct 2021,Paperback,US$15.95,US$16.95
236,Red Roulette,Desmond Shum,07 Sep 2021,Hardback,US$26.78,US$30.00
237,The Starseed Oracle,Rebecca Campbell,13 Jan 2020,Cards,US$23.21,US$24.99
238,Numberblocks Annual 2022,Sweet Cherry Publishing,09 Sep 2021,Hardback,US$11.27,US$11.27
239,Brain Games For Clever Kids (R),Gareth Moore,01 Oct 2014,Paperback,US$8.25,US$8.25
240,Dark Rise: Dark Rise 1,C S Pacat,28 Sep 2021,Paperback,US$15.58,US$15.58
241,Ottolenghi Test Kitchen: Shelf Love,Yotam Ottolenghi,30 Sep 2021,Paperback,US$30.74,US$34.35
242,A Court of Wings and Ruin,Sarah J. Maas,05 Jun 2020,Paperback,US$16.40,US$16.40
243,Heretics Of Dune,Frank Herbert,28 Jan 2021,Paperback,US$16.59,US$16.59
244,"Fire Punch, Vol. 3",Tatsuki Fujimoto,09 Aug 2018,Paperback,US$11.03,US$12.99
245,Look Inside Our World,Emily Bone,30 Dec 2014,Board book,US$15.53,US$15.53
246,Six of Crows Boxed Set,Leigh Bardugo,16 Oct 2018,Paperback,US$28.73,US$28.73
247,Minecraft Annual 2022,Mojang AB,02 Sep 2021,Hardback,US$13.75,US$13.75
248,The Catcher in the Rye,J. D. Salinger,18 Mar 2005,Paperback,US$8.74,US$8.99
249,First 100 Words,Roger Priddy,10 May 2011,Board book,US$7.39,US$7.39
250,Numbers Don't Lie,Vaclav Smil,01 Apr 2021,Paperback,US$14.46,US$14.46
251,One Of Us Is Next,Karen M. McManus,09 Jan 2020,Paperback,US$11.30,US$11.30
252,Daring Greatly,Brene Brown,25 Jan 2016,Paperback,US$14.74,US$14.74
253,Room on the Broom,Julia Donaldson,25 Aug 2003,Paperback,US$9.30,US$9.30
254,Harry Potter y la cámara secreta (Ed. Minalima),J.K. Rowling,28 Oct 2021,Hardback,US$33.58,US$37.52
255,The Concise 48 Laws Of Power,Robert Greene,13 Jun 2002,Paperback,US$9.94,US$15.50
256,Attack On Titan Season 1 Part 1 Manga Box Set,Hajime Isayama,07 Feb 2020,Paperback,US$39.47,US$43.96
257,Chapter House Dune,Frank Herbert,28 Jan 2021,Paperback,US$17.07,US$17.07
258,Heartstopper Volume One,Alice Oseman,10 Apr 2019,Paperback,US$16.97,US$16.97
259,Tomie: Complete Deluxe Edition,Junji Ito,20 Dec 2016,Hardback,US$34.44,US$34.99
260,Superworm,Julia Donaldson,07 Jul 2016,Paperback,US$15.49,US$15.49
261,The Light Seer's Tarot,Chris-Anne,03 Dec 2019,Cards,US$22.42,US$24.99
262,Five Love Languages Revised Edition,Gary Chapman,26 Mar 2015,Paperback,US$13.73,US$15.99
263,Show Your Work!,Austin Kleon,11 Mar 2014,Paperback,US$13.06,US$13.06
264,You and Me on Vacation,Emily Henry,22 Jul 2021,Paperback,US$11.33,US$11.33
265,Norwegian Wood,Haruki Murakami,04 Jul 2003,Paperback,US$17.07,US$27.75
266,The Subtle Art of Not Giving a F*ck,Mark Manson,17 Nov 2016,Hardback,US$21.56,US$26.99
267,The Subtle Art of Not Giving a F*Ck,Mark Manson,13 Sep 2017,Paperback,US$18.07,US$18.99
268,Una corte de llamas plateadas,Sarah J. Maas,10 Nov 2021,Paperback,US$17.82,US$19.87
269,"Chainsaw Man, Vol. 6",Tatsuki Fujimoto,14 Oct 2021,Paperback,US$8.94,US$9.99
270,The Little Prince,Antoine de Saint-Exupery,01 Jan 1998,Paperback,US$5.15,US$5.15
271,Call Me By Your Name,Andre Aciman,21 Dec 2017,Paperback,US$15.81,US$15.81
272,Scattered Minds,Dr Gabor Mate,03 Jan 2019,Paperback,US$14.12,US$15.10
273,Blue Period 1,Tsubasa Yamaguchi,13 Oct 2020,Paperback,,
274,Berserk Deluxe Volume 5,Kentaro Miura,26 Jul 2020,Hardback,US$59.96,US$59.96
275,American Dirt,Jeanine Cummins,18 Feb 2021,Paperback,US$15.95,US$15.95
276,Meditations,Marcus Aurelius,06 Feb 2019,Paperback,US$12.48,US$12.48
277,The Rabbit Listened,Cori Doerrfeld,20 Feb 2018,Hardback,US$19.90,US$19.90
278,A Court of Frost and Starlight,Sarah J. Maas,05 Jun 2020,Paperback,US$13.10,US$13.10
279,The 13-Storey Treehouse,Andy Griffiths,20 Mar 2015,Paperback,US$6.60,US$9.60
280,On Writing,Stephen King,01 Sep 2020,Paperback,US$17.05,US$19.75
281,Look Inside Space,Rob Lloyd Jones,29 Nov 2012,Board book,US$15.98,US$15.98
282,Humankind,Rutger Bregman,13 May 2021,Paperback,US$14.26,US$14.26
283,Mythos,Stephen Fry,26 Jul 2018,Paperback,US$13.97,US$13.97
284,"The Case Study of Vanitas, Vol. 3",Jun Mochizuki,14 Nov 2017,Paperback,US$12.47,US$13.00
285,The Outsiders,S E Hinton,04 Aug 2016,Paperback,US$10.34,US$10.98
286,Hear Yourself,Prem Rawat,30 Sep 2021,Hardback,US$23.73,US$26.99
287,The Intelligent Investor,Benjamin Graham,23 Oct 2003,Paperback,US$23.31,US$24.99
288,The Only Study Guide You'll Ever Need,Jade Bowler,05 Aug 2021,Paperback,US$16.10,US$20.59
289,Ikigai,Héctor García,07 Sep 2017,Hardback,US$19.45,US$19.45
290,Ottolenghi SIMPLE,Yotam Ottolenghi,06 Sep 2018,Hardback,US$36.97,US$36.97
291,My Year of Rest and Relaxation,Ottessa Moshfegh,02 May 2019,Paperback,US$14.54,US$14.54
292,Attack On Titan Season 1 Part 2 Manga Box Set,Hajime Isayama,25 Jun 2018,Paperback,US$40.83,US$43.96
293,Milk and Honey,Rupi Kaur,08 Jul 2016,Paperback,US$11.78,US$14.99
294,Look Inside Things That Go,Rob Lloyd Jones,01 Nov 2013,Board book,US$17.08,US$17.08
295,The Priory of the Orange Tree,Samantha Shannon,06 Feb 2020,Paperback,US$17.51,US$17.51
296,The Salt Path,Raynor Winn,31 Jan 2019,Paperback,US$12.68,US$13.72
297,Angel Answers Oracle Cards,Radleigh Valentine,09 Nov 2020,Cards,US$16.27,US$19.99
298,The Girl Who Never Made Mistakes,Gary Rubinstein,04 Nov 2011,Hardback,US$18.03,US$18.03
299,Secrets of Natural Success,William Whitecloud,12 Jul 2019,Paperback,US$25.18,US$25.18
300,Mr Men Little Miss Advent Calendar,Adam Hargreave,14 Oct 2021,Hardback,US$24.58,US$27.46
301,Why We Sleep,Matthew Walker,31 Oct 2018,Paperback,US$18.91,US$18.91
302,Roald Dahl's Marvellous Joke Book,Roald Dahl,06 Sep 2012,Paperback,US$8.20,US$8.20
303,Meditations,Marcus Aurelius,17 Nov 2015,Paperback,US$10.12,US$11.00
304,All the Light We Cannot See,Anthony Doerr,01 May 2015,Paperback,US$14.11,US$14.11
305,Talk To Me In Korean Level 1 (downloadable Audio Files Included),Talktomeinkorean Talktomeinkorean,28 Dec 2015,Paperback,US$17.88,US$24.99
306,This Book Is for You,Worry Lines,12 Oct 2021,Hardback,US$17.62,US$17.62
307,"Demon Slayer: Kimetsu no Yaiba, Vol. 23",Koyoharu Gotouge,30 Sep 2021,Paperback,US$9.93,US$9.99
308,Funkytown,Paul Kennedy,28 Sep 2021,Paperback,US$21.47,US$23.99
309,Never Split the Difference,Chris Voss,23 Mar 2017,Paperback,US$15.44,US$15.44
310,Capitalist Realism - Is there no alternative?,Mark Fisher,09 Dec 2013,Paperback,US$13.89,US$14.95
311,In the Realm of Hungry Ghosts,Dr Gabor Mate,04 Oct 2018,Paperback,US$15.67,US$15.67
312,The Obstacle is the Way,Ryan Holiday,31 Oct 2018,Paperback,US$11.17,US$13.72
313,The Goal,Elle Kennedy,26 Sep 2016,Paperback,US$14.94,US$15.00
314,Disney Princess Storybook Collection: Advent Calendar,,01 Oct 2021,Hardback,US$35.43,US$35.43
315,Tarot of Mystical Moments,Catrin Welz-Stein,01 Apr 2021,Hardback,US$25.40,US$25.95
316,Med,Claudia Roden,02 Sep 2021,Hardback,US$40.90,US$40.90
317,The Seven Sisters,Lucinda Riley,01 Nov 2018,Paperback,US$15.72,US$15.72
318,Shadow and Bone: Siege and Storm,Leigh Bardugo,28 Jun 2018,Paperback,US$13.87,US$13.87
319,To Kill a Kingdom,Alexandra Christo,06 Mar 2018,Paperback,US$14.28,US$14.28
320,A Man Called Ove,Fredrik Backman,07 May 2015,Paperback,US$9.86,US$12.35
321,"My Hero Academia, Vol. 2",Kohei Horikoshi,19 Nov 2015,Paperback,US$15.29,US$15.29
322,Circe,Madeline Miller,19 Apr 2018,Hardback,US$25.25,US$25.25
323,Peter Darling,Austin Chant,01 Jun 2021,Paperback,US$13.34,US$13.34
324,The Wonky Donkey,Craig Smith,30 Nov 2018,Paperback,US$7.79,US$7.79
325,The Mamba Mentality: How I Play,Kobe Bryant,28 Feb 2020,Hardback,US$33.10,US$35.00
326,A Gentleman in Moscow,Amor Towles,02 Nov 2017,Paperback,US$14.88,US$14.88
327,"Influence, New and Expanded UK","Robert B Cialdini, PhD",13 May 2021,Paperback,US$21.86,US$21.86
328,"One Piece, Vol. 97",Eiichiro Oda,28 Oct 2021,Paperback,US$9.79,US$9.99
329,Story Of My Home: The Art of Home,The Story Of My Home Team,16 Sep 2021,Hardback,US$22.52,US$22.52
330,Burnout,Gordon Parker,02 Jul 2021,Paperback,US$33.87,US$33.87
331,Ethereal Visions,Matt Hughes,01 Oct 2018,Cards,US$20.58,US$23.95
332,Dopamine Nation,Anna Lembke,26 Aug 2021,Hardback,,
333,It Ends with Us,Colleen Hoover,02 Aug 2016,Paperback,US$16.23,US$16.99
334,November 9,Colleen Hoover,11 Nov 2015,Paperback,US$12.27,US$13.50
335,Red Queen,Victoria Aveyard,16 Jul 2015,Paperback,US$14.11,US$14.11
336,We Hunt the Flame,Hafsah Faizal,29 Jun 2021,Paperback,US$14.06,US$14.06
337,You Can Heal Your Life,Louise Hay,01 Jul 2004,Paperback,US$13.81,US$15.99
338,Leaders Eat Last,Simon Sinek,12 Jul 2017,Paperback,US$16.03,US$16.03
339,House of Leaves,Mark Z. Danielewski,07 Mar 2000,Paperback,US$28.81,US$28.81
340,Josh and Hazel's Guide to Not Dating,Christina Lauren,08 Aug 2019,Paperback,US$9.95,US$12.35
341,Plantyou,Carleigh Bodrug,18 Jan 2022,Hardback,US$26.85,US$30.00
342,Live No Lies,John Mark Comer,28 Sep 2021,Hardback,US$20.78,US$23.34
343,The Very Hungry Caterpillar: Little Learning Library,Eric Carle,10 Jan 2011,Board book,US$9.80,US$11.00
344,How to Win Friends and Influence People,Dale Carnegie,16 Aug 2010,Paperback,US$9.67,US$9.67
345,"Hunt, Gather, Parent",Michaeleen Doucleff,04 Mar 2021,Paperback,US$21.04,US$21.04
346,The 7 Habits of Highly Effective People,Stephen R Covey,19 May 2020,Paperback,US$17.64,US$18.99
347,Nonviolent Communication 3rd Ed,Rosenberg M,28 Dec 2015,Paperback,US$19.74,US$19.95
348,How to Talk so Kids Will Listen and Listen so Kids Will Talk,Adele Faber,05 Dec 2012,Paperback,US$17.48,US$29.25
349,Malibu Rising,Taylor Jenkins Reid,01 Jun 2021,Paperback,US$18.34,US$18.34
350,The Colour Monster,,01 Mar 2016,Paperback,US$16.37,US$16.37
351,The Mistake,Elle Kennedy,28 Apr 2015,Paperback,US$14.36,US$15.00
352,Project Hail Mary,Andy Weir,04 May 2021,Paperback,US$21.10,US$23.99
353,Shadow and Bone: Now a Netflix Original Series,Leigh Bardugo,28 Jun 2018,Paperback,US$14.00,US$14.00
354,King of Scars,Leigh Bardugo,05 Mar 2020,Paperback,US$15.13,US$15.13
355,The Green Witch,Arin Murphy-Hiscock,19 Oct 2017,Hardback,US$16.49,US$17.99
356,Diary of an Oxygen Thief,Anonymous,25 Aug 2016,Paperback,US$15.28,US$15.28
357,Shoe Dog,Phil Knight,03 May 2018,Paperback,US$12.44,US$13.72
358,Ten Little Fingers and Ten Little Toes,Mem Fox,07 Feb 2011,Board book,US$10.54,US$11.00
359,The High 5 Habit,Mel Robbins,28 Sep 2021,Paperback,US$17.56,US$19.62
360,Love You Forever,Robert Munsch,01 Sep 1995,Paperback,US$6.73,US$6.73
361,Zero to One,Blake Masters,31 Oct 2018,Paperback,US$13.26,US$13.49
362,Troubled Blood,Robert Galbraith,24 Jun 2021,Paperback,US$15.92,US$15.92
363,Wonder,R. J. Palacio,23 Jan 2013,Paperback,US$14.88,US$18.00
364,The Hobbit and the Lord of the Rings,J. R. R. Tolkien,21 Oct 2014,Paperback,US$55.96,US$59.99
365,The Gruffalo's Child,Julia Donaldson,01 Mar 2007,Paperback,US$8.60,US$8.60
366,The Dinosaur's Diary,Julia Donaldson,28 Mar 2002,Paperback,US$7.65,US$8.23
367,"Toilet-bound Hanako-kun, Vol. 1",Aidalro,28 Jan 2020,Paperback,US$12.07,US$13.00
368,"Jujutsu Kaisen, Vol. 12",Gege Akutami,28 Oct 2021,Paperback,US$8.94,US$9.99
369,Convenience Store Woman,Sayaka Murata,05 Aug 2019,Paperback,US$14.11,US$14.11
370,Neon Gods,Katee Robert,01 Jun 2021,Paperback,US$24.56,US$24.56
371,Blue Period 2,Tsubasa Yamaguchi,05 Jan 2021,Paperback,US$12.12,US$12.99
372,Attack on Titan 34,Hajime Isayama,19 Oct 2021,Paperback,US$10.01,US$10.99
373,Providence Compendium,Alan Moore,14 Sep 2021,Paperback,US$32.14,US$32.14
374,Spin the Dawn,Elizabeth Lim,04 Mar 2021,Paperback,US$15.90,US$15.90
375,Billy Summers,Stephen King,03 Aug 2021,Hardback,US$23.61,US$27.48
376,Harry Potter and the Chamber of Secrets: MinaLima Edition,J.K. Rowling,26 Oct 2021,Hardback,US$39.35,US$43.96
377,Rule of Wolves (King of Scars Book 2),Leigh Bardugo,30 Mar 2021,Hardback,US$24.68,US$24.68
378,Berserk Deluxe Volume 9,Kentaro Miura,09 Nov 2021,Hardback,US$44.74,US$49.99
379,The Wrath and the Dawn,Renee Ahdieh,06 Apr 2017,Paperback,US$14.16,US$14.16
380,Press Here,Herve Tullet,19 Feb 2019,Board book,US$10.46,US$10.46
381,solanin,Inio Asano,19 Apr 2018,Paperback,US$17.82,US$17.99
382,Harry Potter and the Philosopher's Stone,J.K. Rowling,01 Sep 2014,Paperback,US$16.12,US$16.12
383,Lost Connections,Johann Hari,11 Jan 2019,Paperback,US$14.84,US$15.10
384,Once Upon a Time in Hollywood,Quentin Tarantino,29 Jun 2021,Paperback,US$9.80,US$12.35
385,The Prince,Niccolo Machiavelli,02 Jan 2000,Paperback,US$3.42,US$3.42
386,Holes,Louis Sachar,30 Sep 2011,Paperback,US$8.94,US$8.99
387,The Huge Bag of Worries,Virginia Ironside,06 Jan 2011,Paperback,US$12.37,US$12.37
388,Stuck,Oliver Jeffers,01 May 2012,Paperback,US$15.34,US$15.50
389,"The Promised Neverland, Vol. 20",Kaiu Shirai,16 Sep 2021,Paperback,,
390,Women Don't Owe You Pretty,Florence Given,09 Sep 2021,Paperback,US$7.76,US$10.98
391,Dinosaurs Love Underpants,Claire Freedman,05 Jun 2008,Paperback,US$12.83,US$12.83
392,The Overstory,Richard Powers,01 Jul 2019,Paperback,US$18.29,US$18.29
393,"Richer, Wiser, Happier",William Green,29 Apr 2021,Paperback,US$21.53,US$21.53
394,Our Dreams at Dusk: Shimanami Tasogare Vol. 4,Yuhki Kamatani,17 Dec 2019,Paperback,US$13.17,US$13.17
395,The Storm Sister,Lucinda Riley,21 Mar 2019,Paperback,US$18.80,US$18.80
396,Harry Potter and the Philosopher's Stone: MinaLima Edition,J.K. Rowling,27 Mar 2021,Hardback,US$39.62,US$41.21
397,The Real Anthony Fauci,Robert F. Kennedy Jr.,09 Nov 2021,Hardback,US$24.16,US$26.99
398,Heartstopper Volume Two,Alice Oseman,20 Dec 2019,Paperback,US$16.53,US$16.53
399,"Hunter x Hunter, Vol. 5",Yoshihiro Togashi,22 Sep 2016,Paperback,US$10.31,US$10.31
400,Stick Man,Julia Donaldson,26 Nov 2016,Paperback,US$11.68,US$11.68
401,Troy,Stephen Fry,22 Jul 2021,Paperback,US$13.80,US$13.80
402,And Away...,Bob Mortimer,16 Sep 2021,Hardback,US$23.75,US$27.48
403,Press Here,Herve Tullet,01 Apr 2011,Hardback,US$16.16,US$16.16
404,The Barefoot Investor,Scott Pape,01 Jul 2018,Paperback,US$18.15,US$21.00
405,The Underground Railroad,Colson Whitehead,29 Jun 2017,Paperback,US$13.99,US$13.99
406,Tarot of the Divine,Yoshi Yoshitani,30 Nov 2020,Cards,US$19.95,US$19.99
407,Quiet,Susan Cain,31 Oct 2018,Paperback,US$13.08,US$20.25
408,Educated,Tara Westover,27 Nov 2018,Paperback,US$13.37,US$13.72
409,Flow,Mihaly Csikszentmihalyi,24 Jun 2011,Paperback,US$9.92,US$16.99
410,"Asesino de Brujas - Vol. 3. La Doncella, La Bruja Y La Arpia",Shelby Mahurin,26 Oct 2021,Paperback,US$17.23,US$18.95
411,"Solo Leveling, Vol. 3 (Manga)",Chugong,19 Oct 2021,Paperback,US$17.90,US$20.00
412,The War of Art,Steven Pressfield,11 Jan 2012,Paperback,US$16.79,US$16.79
413,The Secret,Rhonda Byrne,04 Dec 2006,Hardback,US$20.07,US$26.75
414,The Happiness Trap,Russ Harris,26 Jun 2008,Paperback,US$17.39,US$17.39
415,My New Baby,,01 Feb 2010,Board book,US$10.17,US$10.17
416,The Dot,Peter H. Reynolds,04 Oct 2004,Paperback,US$12.07,US$12.07
417,Moonology (TM) Diary 2022: THE SUNDAY TIMES BESTSELLER,Yasmin Boland,27 Jul 2021,Paperback,US$15.47,US$16.99
418,Judgement Detox,Gabrielle Bernstein,02 Jan 2018,Paperback,US$20.93,US$20.93
419,Dare to Lead,Brené Brown,17 Dec 2018,Paperback,US$20.65,US$20.65
420,Ottolenghi FLAVOUR,Yotam Ottolenghi,10 Sep 2020,Hardback,US$38.30,US$38.30
421,The Score,Elle Kennedy,11 Jan 2016,Paperback,US$14.98,US$15.00
422,The Hero with a Thousand Faces,Joseph Campbell,01 Feb 2016,Hardback,US$22.29,US$24.95
423,King of Scars,Leigh Bardugo,29 Jan 2019,Hardback,US$19.75,US$20.59
424,Born A Crime,Trevor Noah,21 Sep 2017,Paperback,US$13.04,US$13.72
425,"Haikyu!!, Vol. 6",Haruichi Furudate,15 Dec 2016,Paperback,US$10.31,US$10.31
426,"Good Girl, Bad Blood",Holly Jackson,01 May 2020,Paperback,US$13.97,US$13.97
427,The Soulmate Equation,Christina Lauren,05 Aug 2021,Paperback,US$14.12,US$14.12
428,Greg the Sausage Roll: Santa's Little Helper,Mark Hoyle,11 Nov 2021,Hardback,US$14.76,US$15.10
429,Together,Jamie Oliver,02 Sep 2021,Hardback,US$37.69,US$37.69
430,A New Earth,Eckhart Tolle,01 Mar 2009,Paperback,US$18.70,US$19.75
431,Brave New World,Aldous Huxley,02 Sep 2004,Paperback,US$11.05,US$11.05
432,The 4-Hour Work Week,Timothy Ferriss,12 Jun 2013,Paperback,US$18.86,US$18.86
433,Shatter Me,Tahereh Mafi,09 Jan 2018,Paperback,US$12.54,US$12.54
434,I'm a Big Sister,Joanna Cole,01 Apr 2010,Hardback,US$8.33,US$8.33
435,River Kings,Cat Jarman,02 Sep 2021,Paperback,US$13.77,US$13.77
436,The One and Only Ivan,Katherine Applegate,01 Oct 2017,Paperback,US$15.74,US$15.74
437,Life Force,Louise Fletcher,07 Oct 2021,Hardback,US$44.75,US$50.00
438,How To Talk So Little Kids Will Listen,Joanna Faber,26 Jan 2017,Paperback,US$16.87,US$17.85
439,The Tattooist of Auschwitz,Heather Morris,18 Oct 2018,Paperback,US$9.90,US$12.35
440,Work Your Light Oracle Cards,Rebecca Campbell,09 Nov 2020,Cards,US$17.61,US$21.99
441,Twisted Tales: Enchanted Collection (Disney),,01 Aug 2021,Paperback,US$62.09,US$79.98
442,$100M Offers,Alex Hormozi,13 Jul 2021,Hardback,US$25.75,US$25.75
443,Wotakoi: Love Is Hard for Otaku 5,Fujita,05 Oct 2021,Paperback,US$16.10,US$17.99
444,Last Night at the Telegraph Club,Malinda Lo,18 Mar 2021,Paperback,US$15.66,US$15.66
445,Monkey Puzzle,Julia Donaldson,13 Sep 2016,Paperback,US$11.03,US$12.25
446,Small Pleasures,Clare Chambers,29 Apr 2021,Paperback,US$10.21,US$12.35
447,"Fire Punch, Vol. 4",Tatsuki Fujimoto,01 Nov 2018,Paperback,US$17.36,US$17.36
448,Peppa Pig: Little Library,Peppa Pig,16 Jun 2011,Board book,US$9.34,US$9.34
449,Harry Potter Box Set: The Complete Collection (Children's Paperback),J.K. Rowling,01 Dec 2020,Paperback,US$93.36,US$259.95
450,The The Wild Beyond the Witchlight: Dungeons & Dragons,Wizards RPG Team,21 Sep 2021,Hardback,US$42.02,US$49.95
451,Meditations,Marcus Aurelius,21 Nov 2012,Paperback,US$5.96,US$9.48
452,The Ballad of Songbirds and Snakes (A Hunger Games Novel),Suzanne Collins,08 Jul 2021,Paperback,US$14.97,US$14.97
453,Where Is Baby's Belly Button?,Karen Katz,26 Feb 2015,Board book,US$7.21,US$7.21
454,My Money My Way,Kumiko Love,01 Feb 2022,Hardback,US$23.27,US$26.00
455,Lord of the Flies,William Golding,15 Jul 2011,Paperback,US$9.68,US$11.00
456,Women Who Run with the Wolves,Clarissa Pinkola Estes,01 Jan 1997,Paperback,US$9.77,US$9.77
457,The Silence of the Girls,Pat Barker,18 Jul 2019,Paperback,US$13.70,US$13.70
458,The Magician,Colm Toibin,23 Sep 2021,Hardback,US$27.63,US$27.63
459,The Gruffalo,Julia Donaldson,02 Mar 2006,Paperback,US$8.35,US$8.35
460,Percy Jackson and the Lightning Thief (Book 1),Rick Riordan,04 Jul 2013,Paperback,US$19.06,US$19.06
461,Rock Paper Scissors,Alice Feeney,19 Aug 2021,Paperback,US$12.68,US$12.68
462,Dinosaur Therapy,James Stewart,19 Aug 2021,Hardback,,
463,The Everyday Hero Manifesto,Robin Sharma,07 Sep 2021,Paperback,US$23.75,US$23.75
464,1984 Nineteen Eighty-Four,George Orwell,07 Jan 2021,Paperback,US$6.67,US$6.67
465,The Poppy War,R.F. Kuang,18 Oct 2018,Paperback,US$15.74,US$15.74
466,The Well Gardened Mind,Sue Stuart-Smith,29 Apr 2021,Paperback,US$17.18,US$17.18
467,We Should All Be Feminists,Chimamanda Ngozi Adichie,14 Dec 2015,Paperback,US$10.05,US$10.05
468,Moleskine Ltd. Ed. Peanuts 2022 18-Month Weekly Large Hardcover Notebook: Black,Moleskine,21 Apr 2021,Hardback,US$21.71,US$34.33
469,CALENDARIO 2022. CARLES DALMAU,CARLES DALMAU,02 Sep 2021,Calendar,US$17.23,US$17.54
470,Demon Slayer Complete Box Set,Koyoharu Gotouge,11 Nov 2021,Paperback,US$178.99,US$199.99
471,Between us,Ruby Dhal,31 Oct 2021,Paperback,US$13.42,US$14.99
472,The Wim Hof Method,Wim Hof,24 Sep 2020,Hardback,US$23.05,US$23.34
473,Women Who Run With The Wolves,Clarissa Pinkola Estes,07 Feb 2008,Paperback,US$19.16,US$20.55
474,Atlas of the Heart,Brene Brown,30 Nov 2021,Hardback,US$24.59,US$27.48
475,Reasons to Stay Alive,Matt Haig,07 Jan 2016,Paperback,US$15.33,US$15.33
476,The Proof is in the Plants,Simon Hill,01 Nov 2021,Paperback,US$35.09,US$35.09
477,Adult Children of Emotionally Immature Parents,Lindsay C Gibson,25 Jun 2015,Paperback,US$18.13,US$18.95
478,The Art and Science of Teaching Primary Reading,Christopher Such,17 Sep 2021,Paperback,US$27.86,US$27.86
479,A Court of Mist and Fury,Sarah J. Maas,06 Jun 2020,Paperback,US$15.97,US$15.97
480,Heartstopper Volume Three,Alice Oseman,06 Feb 2020,Paperback,US$17.57,US$17.57
481,The Hate U Give,Angie Thomas,15 Jun 2017,Paperback,US$10.50,US$10.98
482,As Good As Dead,Holly Jackson,05 Aug 2021,Paperback,US$14.59,US$14.59
483,The Tarot of Curious Creatures,Chris-Anne,02 Nov 2021,Cards,US$19.34,US$26.99
484,Under the Whispering Door,Tj Klune,01 Oct 2021,Hardback,US$25.23,US$26.99
485,Beautiful Oops!,Barney Saltzberg,01 Oct 2010,Hardback,US$14.89,US$16.95
486,Just Kids,Patti Smith,04 Jan 2011,Paperback,US$13.33,US$14.01
487,Dr. Seuss's ABC,Dr. Seuss,26 Nov 1996,Board book,US$5.61,US$5.61
488,Be Here Now,Ram Dass,23 Nov 2015,Paperback,US$19.56,US$19.56
489,In Order To Live,Yeonmi Park,07 Jul 2016,Paperback,US$12.90,US$13.72
490,The Body Keeps the Score,Bessel van der Kolk,08 Sep 2015,Paperback,US$17.85,US$19.00
491,Gods & Monsters,Shelby Mahurin,01 Aug 2021,Paperback,US$14.55,US$14.55
492,Almond,Won-Pyung Sohn,22 Jul 2021,Paperback,US$15.47,US$16.99
493,The Nature of Middle-earth,J. R. R. Tolkien,02 Sep 2021,Hardback,US$33.11,US$34.35
494,Gangsta Granny,David Walliams,28 Feb 2013,Paperback,US$9.29,US$9.29
495,"Fist of the North Star, Vol. 2",Buronson,14 Oct 2021,Hardback,US$18.51,US$19.99
496,"My Hero Academia, Vol. 25",Kohei Horikoshi,29 Oct 2020,Paperback,US$20.44,US$20.44
497,"Mashle: Magic and Muscles, Vol. 1",Hajime Komoto,16 Sep 2021,Paperback,US$10.31,US$10.31
498,The Art of More,Michael Brooks,31 Aug 2021,Paperback,US$34.34,US$34.34
499,The 48 Laws Of Power,Robert Greene,20 Nov 2000,Paperback,US$26.83,US$26.83
500,A Woman to Blame,Nell McCafferty,01 Jun 2010,Paperback,US$13.93,US$13.93
501,The Dandy Annual 2022,,01 Aug 2021,Hardback,US$15.69,US$15.69
502,The Choice,Edith Eger,16 Aug 2018,Paperback,US$14.21,US$15.10
503,The Bear and The Nightingale,Katherine Arden,15 Dec 2017,Paperback,US$16.57,US$16.57
504,Hold on to Your Kids,Dr Gabor Mate,03 Jan 2019,Paperback,US$15.56,US$15.56
505,The Gulag Archipelago,Aleksandr Solzhenitsyn,01 Nov 2018,Paperback,US$20.01,US$20.59
506,Ego is the Enemy,Ryan Holiday,31 Oct 2018,Paperback,US$11.45,US$15.87
507,Wings of Fire 6-10 Boxed Set: the Jade Mountain Prophecy,"Tui,T Sutherland",01 Nov 2020,Paperback,US$42.08,US$43.62
508,A Shadow in the Ember,Jennifer L Armentrout,19 Oct 2021,Hardback,US$28.63,US$31.99
509,The Sweetest Oblivion,Danielle Lori,20 Jun 2018,Paperback,US$18.57,US$18.57
510,Wings of Fire 6-10 Boxed Set: the Jade Mountain Prophecy,"Tui,T Sutherland",01 Nov 2020,Paperback,US$42.08,US$43.62
511,The Sweetest Oblivion,Danielle Lori,20 Jun 2018,Paperback,US$18.57,US$18.57
512,Awaken Your Power Within,Gerry Hussey,13 May 2021,Paperback,US$24.11,US$24.11
513,Shadow and Bone: Ruin and Rising,Leigh Bardugo,28 Jun 2018,Paperback,US$11.16,US$11.16
514,Berserk Deluxe Volume 10,Kentaro Miura,08 Mar 2022,Hardback,US$44.74,US$49.99
515,Mistborn Trilogy Boxed Set,Brandon Sanderson,14 May 2015,Paperback,US$44.78,US$44.78
516,Invention,James Dyson,02 Sep 2021,Paperback,US$21.75,US$21.75
517,Aristotle and Dante Discover the Secrets of the Universe,Benjamin Alire Saenz,25 Feb 2015,Paperback,US$13.94,US$14.99
518,Harry Potter and the Chamber of Secrets,J.K. Rowling,11 Sep 2014,Paperback,US$10.47,US$10.98
519,The Squirrels Who Squabbled,Rachel Bright,08 Feb 2018,Paperback,US$13.27,US$13.27
520,Super Extra Deluxe Essential Handbook,Scholastic,05 Aug 2021,Paperback,US$20.13,US$20.13
521,We Free the Stars,Hafsah Faizal,19 Jan 2021,Paperback,US$18.45,US$18.45
522,The House in the Cerulean Sea,TJ Klune,08 Feb 2021,Paperback,US$17.55,US$18.99
523,Twisted Love - Special Edition,Ana Huang,22 Apr 2021,Paperback,US$17.48,US$17.48
524,Hold Me Tight,Dr Sue Johnson,03 Feb 2011,Paperback,US$19.67,US$28.25
525,Each Peach Pear Plum,Janet Ahlberg,01 Sep 1999,Board book,US$10.18,US$10.18
526,"Moo, Baa, La La La!",Sandra Boynton,30 Nov 1982,Board book,US$6.53,US$6.53
527,The Man Who Mistook His Wife for a Hat,Oliver Sacks,02 Sep 2011,Paperback,US$20.90,US$20.90
528,The Thursday Murder Club,Richard Osman,03 Sep 2020,Hardback,US$22.41,US$22.41
529,Ways of Seeing,John Berger,01 Mar 2009,Paperback,US$11.07,US$19.75
530,Clean Code,Robert Martin,01 Mar 2009,Paperback,US$44.88,US$49.99
531,To Kill A Mockingbird,Harper Lee,29 Dec 2010,Paperback,US$12.53,US$12.53
532,Charlotte's Web,E B White,10 Apr 2012,Paperback,US$9.28,US$9.28
533,The Giver,Lois Lowry,10 Sep 2014,Paperback,US$9.48,US$9.60
534,The Charm Offensive,Alison Cochrun,07 Sep 2021,Paperback,US$15.25,US$17.00
535,"Dragon Ball Super, Vol. 14",Akira Toriyama,30 Sep 2021,Paperback,US$11.18,US$11.18
536,No Longer Human,Junji Ito,09 Jan 2020,Hardback,US$37.44,US$37.44
537,The Greatest Feeling in the World,Tim Sattler-Jones,30 Nov 2021,Paperback,US$19.52,US$21.80
538,Gribet,Janine Davis,30 Sep 2021,Paperback,US$13.00,US$13.00
539,Women Don't Owe You Pretty,Florence Given,18 Jul 2020,Hardback,US$18.99,US$18.99
540,Better Off Dead,Lee Child,26 Oct 2021,Paperback,US$21.47,US$23.99
541,Consolations,David Whyte,27 Oct 2020,Hardback,US$22.53,US$26.00
542,The Invisible Life of Addie LaRue,V.E. Schwab,06 Oct 2020,Hardback,US$24.90,US$24.90
543,Orbiting Jupiter,Gary D. Schmidt,02 Mar 2017,Paperback,US$14.02,US$14.02
544,Grandmaster of Demonic Cultivation: Mo DAO Zu Shi (Novel) Vol. 3,Mo Xiang Tong Xiu,14 Jun 2022,Paperback,US$17.89,US$19.99
545,Waking the Tiger: Healing Trauma,Peter A. Levine,02 May 2017,Paperback,US$16.55,US$18.95
546,The Hollow Heart,Marie Rutkoski,09 Sep 2021,Hardback,US$17.83,US$20.59
547,Rita Hayworth and Shawshank Redemption,Stephen King,29 Sep 2020,Paperback,US$13.86,US$13.86
548,When Breath Becomes Air,Paul Kalanithi,03 Jan 2019,Paperback,,
549,The Anthropocene Reviewed,John Green,18 May 2021,Hardback,US$25.60,US$25.60
550,Studio Ghibli: 100 Collectible Postcards,,20 Aug 2019,Postcard book or pack,US$23.68,US$23.68
551,Oi Frog!,Kes Gray,05 Feb 2015,Paperback,US$13.27,US$13.27
552,"Vagabond (VIZBIG Edition), Vol. 9",Takehiko Inoue,12 Mar 2015,Paperback,US$25.30,US$25.30
553,Glass Sword,Victoria Aveyard,28 Jul 2016,Paperback,US$15.17,US$15.17
554,The Koala Who Could Board Book,Rachel Bright,08 Mar 2018,Board book,US$9.69,US$9.69
555,MEDICAL MEDIUM CLEANSE TO HEAL,Anthony William,10 Jun 2020,Hardback,US$37.76,US$37.76
556,Once Upon a Broken Heart,Stephanie Garber,28 Sep 2021,Hardback,US$24.92,US$24.92
557,Empire of the Vampire,Jay Kristoff,14 Sep 2021,Hardback,US$32.30,US$32.30
558,Twisted Games - Special Edition,Ana Huang,22 Jul 2021,Paperback,US$18.59,US$18.59
559,A Slow Fire Burning,Paula Hawkins,01 Sep 2021,Paperback,US$20.21,US$20.59
560,Steal Like an Artist,Austin Kleon,01 May 2012,Paperback,US$10.54,US$12.95
561,The Original Rider Waite Tarot Deck,A.E. Waite,10 Jun 1999,Cards,US$18.98,US$20.57
562,The Plant-based Baby & Toddler,Alexandra Caspero,18 May 2021,Paperback,US$26.26,US$26.26
563,"Thinking, Fast and Slow","Daniel Kahneman (Princeton University, New Jersey)",05 Apr 2013,Paperback,US$19.43,US$19.43
564,I Know Why the Caged Bird Sings,Maya Angelou,21 Apr 2009,Paperback,US$8.17,US$8.17
565,Little Fires Everywhere,Celeste Ng,22 May 2018,Paperback,US$14.73,US$14.73
566,The Hitchhiker's Guide to the Galaxy,Douglas Adams,01 Nov 1995,Paperback,US$7.49,US$7.99
567,"Bungo Stray Dogs, Vol. 2",Kafka Asagiri,21 Mar 2017,Paperback,US$12.40,US$13.00
568,Aroha,Hinemoa Elder,29 Sep 2020,Hardback,US$28.82,US$28.82
569,The Tyranny of Merit,Michael J. Sandel,14 Sep 2021,Paperback,US$12.78,US$13.72
570,The Book With No Pictures,B. J. Novak,04 Feb 2016,Paperback,US$12.45,US$12.45
571,Nineteen Eighty-Four,George Orwell,01 Feb 2009,Paperback,US$12.53,US$21.00
572,The Guest List,Lucy Foley,17 Sep 2020,Paperback,US$12.95,US$12.95
573,The Hidden Life of Trees,Peter Wohlleben,22 Nov 2019,Paperback,US$14.97,US$14.97
574,Trono de cristal: Reino de cenizas,"Maas, Sarah J.",23 Mar 2021,Paperback,US$24.79,US$25.17
575,Cloud Cuckoo Land (Export),Anthony Doerr,28 Sep 2021,Paperback,US$20.33,US$20.33
576,The Afghanistan Papers,Craig Whitlock,16 Sep 2021,Hardback,,
577,"Star Wars: The High Republic: Edge of Balance, Vol. 1",Shima Shinya,14 Oct 2021,Paperback,US$13.92,US$14.99
578,"Spy x Family, Vol. 6",Tatsuya Endo,28 Oct 2021,Paperback,US$9.00,US$9.99
579,The Dessert Game,Reynold Poernomo,11 Nov 2021,Paperback,US$28.99,US$31.99
580,Pride and Prejudice,Jane Austen,01 Aug 1997,Paperback,US$5.87,US$5.99
581,The Picture of Dorian Gray,Oscar Wilde,01 Aug 1997,Paperback,US$4.99,US$5.99
582,The Great Gatsby,F. Scott Fitzgerald,01 Dec 1999,Paperback,US$4.29,US$5.99
583,Anna Karenina,Leo Tolstoy,01 Aug 1997,Paperback,US$8.29,US$8.29
584,Foundation Trilogy,Isaac Asimov,12 Sep 2014,Hardback,US$22.12,US$31.25
585,The Postscript Murders,Elly Griffiths,15 Apr 2021,Paperback,US$15.48,US$15.48
586,Pachinko,Min Jin Lee,10 Aug 2017,Paperback,US$16.78,US$16.78
587,The Gardeners' World Almanac,,09 Sep 2021,Hardback,US$22.42,US$23.34
588,Homo Deus,Yuval Noah Harari,06 Apr 2017,Paperback,US$16.75,US$16.75
589,The Starless Sea,Erin Morgenstern,06 Aug 2020,Paperback,US$16.45,US$16.45
590,The Book Thief,Markus Zusak,11 Oct 2016,Paperback,US$15.12,US$15.12
591,Prisoners of Geography,Tim Marshall,02 Jun 2016,Paperback,US$14.86,US$14.86
592,The Age of Surveillance Capitalism,Professor Shoshana Zuboff,05 Sep 2019,Paperback,US$17.05,US$17.85
593,Our Dreams at Dusk: Shimanami Tasogare Vol. 3,Yuhki Kamatani,01 Oct 2019,Paperback,US$13.41,US$13.41
594,Berserk Volume 2,Kentaro Miura,21 Dec 2004,Paperback,US$14.15,US$14.99
595,This is How You Lose the Time War,Amal El-Mohtar,18 Jul 2019,Paperback,US$15.56,US$15.56
596,Unravel the Dusk,Elizabeth Lim,01 Jun 2021,Paperback,US$15.99,US$15.99
597,These Hollow Vows,Lexi Ryan,20 Jul 2021,Hardback,US$23.91,US$23.91
598,House of Earth and Blood,Sarah J. Maas,02 Mar 2021,Paperback,US$18.46,US$18.46
599,The Long Call,Ann Cleeves,20 Feb 2020,Paperback,US$14.45,US$14.45
600,The Nightingale,Kristin Hannah,05 Oct 2017,Paperback,US$14.39,US$14.39
601,The Miracle Morning,Hal Elrod,27 Mar 2018,Paperback,US$13.93,US$13.93
602,You Are a Badass,Jen Sincero,13 Oct 2016,Paperback,US$14.36,US$14.36
603,Short Stories in French for Beginners,Olly Richards,13 Nov 2018,Paperback,US$13.92,US$14.99
604,"The Long Way to a Small, Angry Planet",Becky Chambers,31 Dec 2015,Paperback,US$9.77,US$9.77
605,Ninth House,Leigh Bardugo,20 Oct 2020,Paperback,US$15.33,US$15.33
606,House of Hollow,Krystal Sutherland,06 Apr 2021,Paperback,US$11.75,US$11.75
607,The Perks of Being a Wallflower,Stephen Chbosky,11 Jan 2013,Paperback,US$9.69,US$15.25
608,Fahrenheit 451,Ray Bradbury,23 May 2012,Paperback,US$9.58,US$9.58
609,"Goodnight, Goodnight Construction Site",Sherri Duskey Rinke,14 Feb 2017,Board book,US$8.61,US$8.61
610,Mosaic Crochet Workshop,Esme Crick,14 Sep 2021,Paperback,US$21.35,US$22.99
611,Little Kids First Big Book of Space,Catherine D. Hughes,20 Nov 2012,Hardback,US$18.31,US$18.31
612,Listen and Learn First English Words,Mairi Mackinnon,01 Oct 2017,Hardback,US$19.81,US$20.59
613,Maid,Stephanie Land,09 Jul 2020,Paperback,US$9.33,US$12.35
614,Fantastically Great Women Who Changed The World,Kate Pankhurst,08 Sep 2016,Paperback,US$11.95,US$11.95
615,The Lion Inside Board Book,Rachel Bright,09 Feb 2017,Board book,US$13.24,US$13.24
616,Zog,Julia Donaldson,14 Mar 2017,Paperback,US$13.31,US$13.31
617,Investigators: Ants in Our P.A.N.T.S.,John Patrick Green,28 Sep 2021,Hardback,US$15.52,US$15.52
618,Cemetery Boys,Aiden Thomas,07 Sep 2020,Hardback,US$18.47,US$18.47
619,The Modern Break-Up,Daniel Chidiac,16 Jul 2019,Paperback,US$18.00,US$18.00
620,Pokemon Annual 2022,The Pokemon Company,02 Sep 2021,Hardback,US$14.82,US$14.82
621,Mindfulness,Professor Mark Williams,05 May 2011,Paperback,US$18.58,US$29.25
622,"Anne of Green Gables, Complete 8-Book Box Set",L. M. Montgomery,06 Oct 1998,Paperback,US$46.10,US$47.92
623,The Design of Everyday Things,Donald A. Norman,14 Nov 2013,Paperback,US$17.53,US$17.99
624,Psycho-Cybernetics,Maxwell Maltz,21 Jun 2017,Paperback,US$15.47,US$17.00
625,The Eye Of The World,Robert Jordan,16 Sep 2021,Paperback,US$14.28,US$14.28
626,The Jasmine Throne,Tasha Suri,10 Jun 2021,Paperback,US$12.47,US$12.47
627,The Whole Truth,Cara Hunter,29 Apr 2021,Paperback,US$17.18,US$17.18
628,The Complete Gardener,Monty Don,04 May 2021,Hardback,US$33.98,US$33.98
629,The Origins of Totalitarianism,Hannah Arendt,13 Apr 2017,Paperback,US$17.24,US$17.24
630,The Boy Who Harnessed the Wind,William Kamkwamba,05 Jan 2016,Paperback,US$9.51,US$9.51
631,Little Women,Louisa May Alcott,04 Dec 2014,Hardback,US$16.54,US$16.54
632,George's Marvelous Medicine,Roald Dahl,16 Aug 2007,Paperback,US$7.16,US$7.99
633,The Picture of Dorian Gray,Oscar Wilde,27 Oct 2009,Hardback,US$22.18,US$24.00
634,Once,Morris Gleitzman,23 Feb 2006,Paperback,US$13.41,US$15.50
635,Where The Wild Things Are,Maurice Sendak,11 May 2001,Paperback,US$12.46,US$13.25
636,The Hating Game,Sally Thorne,30 Mar 2021,Paperback,US$10.04,US$10.04
637,Iron Heart,Nina Varela,14 Oct 2021,Paperback,US$11.64,US$11.64
638,Zero Negativity,Ant Middleton,22 Feb 2022,Paperback,US$16.99,US$16.99
639,Foundation,Isaac Asimov,22 Sep 2016,Paperback,US$12.90,US$12.90
640,The Fortnight in September,R C Sherriff,07 Sep 2021,Paperback,US$15.45,US$16.00
641,"Hunt, Gather, Parent",Michaeleen Doucleff,02 Mar 2021,Hardback,US$26.25,US$27.00
642,Sensor,Junji Ito,30 Sep 2021,Hardback,US$27.98,US$27.98
643,Maybe,Kobi Yamada,15 Sep 2019,Hardback,US$19.21,US$19.21
644,What the Heck Is EOS?,Gino Wickman,05 Sep 2017,Hardback,US$18.52,US$19.95
645,"Let's Talk About Body Boundaries, Consent and Respect",Jayneen Sanders,10 Nov 2017,Paperback,US$14.54,US$14.54
646,The Dessert Game,Reynold Poernomo,02 Nov 2021,Paperback,US$25.73,US$26.89
647,Modern Witch Tarot,Lisa Sterle,19 Nov 2019,Cards,US$18.63,US$26.95
648,No Such Thing,Ella Bailey,03 Aug 2023,Paperback,US$11.24,US$11.24
649,Twilight,Stephenie Meyer,11 May 2007,Paperback,US$13.92,US$17.75
650,The Art Of Seduction,Robert Greene,13 Sep 2012,Paperback,US$24.19,US$24.19
651,The Perks of Being a Wallflower,Stephen Chbosky,10 Feb 2009,Paperback,US$13.34,US$13.34
652,Don't Let the Pigeon Drive the Bus!,Mo Willems,22 Jul 2011,Paperback,US$12.36,US$12.75
653,The Seven Principles For Making Marriage Work,John Gottman,22 Mar 2018,Paperback,US$16.14,US$16.14
654,The Darkroom of Damocles,Willem Frederik Hermans,01 Oct 2020,Paperback,US$14.93,US$14.93
655,The Passenger,Ulrich Alexander Boschwitz,01 Apr 2021,Paperback,US$18.26,US$18.26
656,"Peaceful Parent, Happy Kids Workbook",Dr Laura Markham,27 Feb 2018,Paperback,US$25.79,US$25.79
657,Grimgar of Fantasy and Ash (Light Novel) Vol. 2,Ao Jyumonji,08 Aug 2017,Paperback,US$16.27,US$16.27
658,Accessing the Healing Power of the Vagus Nerve,Stanley Rosenbery,09 Apr 2018,Paperback,US$22.73,US$25.95
659,The Bhagavad Gita,Eknath Easwaran,31 May 2007,Paperback,US$11.70,US$11.95
660,Throne of Glass Box Set,Sarah J. Maas,01 Nov 2019,Hardback,US$161.75,US$161.75
661,In Five Years,Rebecca Serle,01 Oct 2020,Paperback,US$16.21,US$16.21
662,Happy Sexy Millionaire,Steven Bartlett,25 Mar 2021,Hardback,US$18.57,US$19.99
663,The Smartest Giant in Town,Julia Donaldson,12 Sep 2016,Paperback,US$19.10,US$19.10
664,Berserk Deluxe Volume 7,Kentaro Miura,09 Mar 2021,Hardback,US$56.05,US$56.05
665,Principles,Ray Dalio,06 Nov 2017,Hardback,US$30.82,US$30.82
666,Gravity Falls: Journal 3,Alex Hirsch,02 Aug 2016,Hardback,US$27.15,US$27.15
667,Brief Answers to the Big Questions,Stephen Hawking,05 Mar 2020,Paperback,US$15.23,US$15.23
668,The State Of Affairs,Esther Perel,03 Oct 2019,Paperback,US$10.75,US$13.72
669,Practising Parisienne,Marissa Cox,02 Sep 2021,Hardback,US$21.30,US$21.30
670,Iced,Felix Francis,16 Sep 2021,Paperback,US$32.98,US$32.98
671,"JoJo's Bizarre Adventure: Part 1--Phantom Blood, Vol. 3",Hirohiko Araki,27 Aug 2015,Hardback,US$21.21,US$21.21
672,"Hunter x Hunter, Vol. 6",Yoshihiro Togashi,22 Sep 2016,Paperback,US$10.31,US$10.31
673,"Hunter x Hunter, Vol. 20",Yoshihiro Togashi,22 Sep 2016,Paperback,US$10.31,US$10.31
674,In My Heart,Jo Witek,14 Oct 2014,Hardback,US$18.01,US$18.01
675,Magpie Murders,Anthony Horowitz,21 Nov 2017,Paperback,US$12.15,US$12.35
676,Tabby McTat,Julia Donaldson,01 Dec 2020,Paperback,US$13.66,US$13.66
677,Dead Poets Society,N.H. Kleinbaum,07 Dec 2006,Paperback,US$8.25,US$8.25
678,Skin in the Game,Jane Wurwand,10 Dec 2021,Hardback,US$25.05,US$27.99
679,The Shadows Between Us,Tricia Levenseller,25 Feb 2020,Hardback,US$19.21,US$19.21
680,Rider-Waite Tarot Deck,,01 Mar 2003,Cards,US$20.39,US$21.95
681,Great Circle,Maggie Shipstead,04 May 2021,Paperback,US$24.00,US$24.00
682,Peek-A Who?,Nina Laden,15 Sep 2005,Hardback,US$7.17,US$7.17
683,The Nickel Boys,Colson Whitehead,30 Jun 2020,Paperback,US$12.31,US$12.35
684,The Bell Jar,Sylvia Plath,02 Jun 2005,Paperback,US$13.36,US$13.36
685,China Coup,Roger Garside,01 Jun 2021,Hardback,US$24.31,US$24.31
686,The Richest Man In Babylon,George S Clason,31 Oct 2018,Paperback,US$8.93,US$9.99
687,Persepolis,Marjane Satrapi,01 Jun 2004,Paperback,US$14.64,US$16.00
688,Mating in Captivity,Esther Perel,20 Sep 2007,Paperback,US$16.55,US$16.55
689,"Women, Race & Class",Angela Y. Davis,03 Oct 2019,Paperback,US$16.90,US$16.90
690,Pedagogy of the Oppressed,Paulo Freire,06 Apr 2017,Paperback,US$13.47,US$13.72
691,Philosophical Devices,David Papineau,25 Nov 2012,Paperback,US$23.68,US$23.68
692,The Witches,Roald Dahl,16 Aug 2007,Paperback,US$8.08,US$8.08
693,Pride and Prejudice,Jane Austen,06 Dec 2012,Paperback,US$10.49,US$10.49
694,Frankenstein,Mary Shelley,01 May 2012,Paperback,US$9.72,US$9.72
695,Letters from a Stoic,Seneca,23 Aug 2017,Paperback,US$15.47,US$17.00
696,"Guns, Germs and Steel",Jared Diamond,26 Apr 2000,Paperback,US$16.62,US$22.00
697,Who Moved My Cheese,Spencer Johnson,31 Oct 2018,Paperback,US$8.68,US$13.25
698,Serpent & Dove,Shelby Mahurin,03 Sep 2020,Paperback,US$12.44,US$12.99
699,Rejected Princesses,Jason Porath,01 Dec 2016,Hardback,US$29.40,US$29.40
700,The Virgin Suicides,Jeffrey Eugenides,13 May 2021,Paperback,US$15.57,US$15.57
701,Fahrenheit 451,Ray Bradbury,16 Mar 2018,Paperback,US$14.63,US$17.75
702,How to Catch a Star,Oliver Jeffers,03 May 2005,Paperback,US$10.68,US$12.50
703,Plants for Your Food Forest,Plants for a Future,15 Jun 2021,Paperback,US$27.35,US$27.35
704,Caraval,Stephanie Garber,28 Sep 2021,Paperback,US$16.59,US$17.95
705,Chainsaw Man 1,Tatsuki Fujimoto,01 Oct 2020,Paperback,US$9.22,US$9.22
706,"Yotsuba&!, Vol. 15",Kiyohiko Azuma,28 Sep 2021,Paperback,US$13.79,US$13.79
707,"Haikyu!!, Vol. 45",Haruichi Furudate,25 Nov 2021,Paperback,US$8.92,US$9.99
708,"BEASTARS, Vol. 14",Paru Itagaki,14 Oct 2021,Paperback,US$12.67,US$12.99
709,Hayao Miyazaki,Jessica Niebel,07 Sep 2021,Hardback,US$55.27,US$55.27
710,My Mouth is a Volcano!,Julia Cook,01 Oct 2005,Paperback,US$10.27,US$10.27
711,The Long Field,Pamela Petro,14 Sep 2021,Hardback,US$25.41,US$30.00
712,Embroidering the Everyday,Cas Holmes,07 Sep 2021,Hardback,US$32.50,US$34.99
713,Getting to Yes,Roger Fisher,07 Jun 2012,Paperback,US$17.05,US$19.75
714,Between Two Hells,Diarmaid Ferriter,04 May 2022,Hardback,US$39.13,US$39.13
715,Stillness is the Key,Ryan Holiday,08 Oct 2020,Paperback,US$16.90,US$16.90
716,Weaving,Ann Richards,27 Sep 2021,Hardback,US$30.74,US$34.35
717,The Winter of the Witch,Katherine Arden,03 Oct 2019,Paperback,US$16.96,US$16.96
718,The Wellbeing Journal,Mind,01 May 2018,Paperback,US$13.36,US$13.36
719,Becoming Supernatural,Dr Joe Dispenza,03 May 2019,Paperback,US$22.84,US$22.84
720,Witch Hat Atelier 8,Kamome Shirahama,28 Sep 2021,Paperback,US$13.04,US$13.04
721,A Touch of Malice,Scarlett St. Clair,27 Sep 2021,Paperback,US$18.68,US$18.68
722,Can't Hurt Me,David Goggins,10 Mar 2020,Paperback,US$26.47,US$26.47
723,Seven to Eternity Volume 4: The Springs of Zhal,Rick Remender,14 Sep 2021,Paperback,US$17.53,US$17.53
724,"Gideon Falls Deluxe Edition, Book One",Jeff Lemire,28 Sep 2021,Hardback,US$46.32,US$49.99
725,"Monstress, Volume 6: The Vow",Marjorie Liu,21 Sep 2021,Paperback,US$17.20,US$17.20
726,Kingdom of the Cursed,Kerri Maniscalco,05 Oct 2021,Hardback,US$20.47,US$20.59
727,A Court of Thorns and Roses Box Set,Sarah J. Maas,05 Jan 2021,Paperback,US$72.29,US$72.29
728,Bad Blood,John Carreyrou,11 Jul 2019,Paperback,US$23.08,US$23.08
729,American Marxism,Mark R. Levin,13 Jul 2021,Hardback,US$24.44,US$28.00
730,Sophie's World,Jostein Gaarder,08 Oct 2015,Paperback,US$10.76,US$12.35
731,Neuromancer,William Gibson,08 Dec 2016,Paperback,US$13.73,US$13.73
732,The Conscious Parent,Dr Shefali Tsabary,15 Jan 2015,Paperback,US$17.21,US$23.34
733,The Mindful Self-Compassion Workbook,Kristin Neff,21 Dec 2018,Paperback,US$19.85,US$19.95
734,Unofficial Harry Potter Cookbook,Dinah Bucholz,18 Sep 2010,Hardback,US$21.26,US$21.26
735,Little Kids First Big Book of Why,Amy Shields,09 Jun 2011,Hardback,US$18.48,US$18.48
736,The Scarecrows' Wedding,Julia Donaldson,07 Jul 2016,Paperback,US$16.27,US$16.27
737,The Highway Rat,Julia Donaldson,01 Dec 2020,Paperback,US$10.01,US$10.01
738,Letting Go,David R. Hawkins,03 Mar 2014,Paperback,US$17.86,US$18.99
739,The Writing Revolution,Judith C. Hochman,29 Sep 2017,Paperback,US$26.31,US$32.95
740,The Bitcoin Standard,Saifedean Ammous,08 Jun 2018,Hardback,US$23.21,US$29.95
741,Girl in Pieces,Kathleen Glasgow,18 Sep 2018,Paperback,US$12.28,US$12.28
742,It Didn't Start with You,Mark Wolynn,27 Apr 2017,Paperback,US$15.31,US$18.00
743,Coaching Habit,Bungay Michael Stainer,17 Mar 2016,Paperback,US$16.62,US$16.62
744,A Brief History Of Time,Stephen Hawking,20 Jan 2015,Paperback,US$16.60,US$20.25
745,Awaken The Giant Within,Tony Robbins,02 Jan 2001,Paperback,US$14.97,US$18.25
746,The Boy Who Made Everyone Laugh,Helen Rutter,04 Feb 2021,Paperback,US$10.60,US$10.60
747,David Attenborough: Volume 34,Maria Isabel Sanchez Vegara,04 Feb 2020,Hardback,US$18.10,US$18.10
748,1177 B.C.,Eric H. Cline,02 Mar 2021,Paperback,US$17.01,US$17.01
749,Once Upon a Chef: Weeknight/Weekend,Jennifer Segal,14 Sep 2021,Hardback,US$35.20,US$35.20
750,1177 B.C.,Eric H. Cline,02 Mar 2021,Paperback,US$17.01,US$17.01
751,Once Upon a Chef: Weeknight/Weekend,Jennifer Segal,14 Sep 2021,Hardback,US$35.20,US$35.20
752,The Name of the Wind,Patrick Rothfuss,30 Jun 2008,Paperback,US$14.21,US$14.22
753,Milkman,Anna Burns,01 Nov 2018,Paperback,US$12.02,US$12.35
754,Teach Yourself to Sleep,Kate Mikhail,10 Jun 2021,Paperback,US$23.09,US$23.09
755,The Menopause Manifesto,Dr. Jennifer Gunter,25 May 2021,Paperback,US$23.06,US$23.06
756,"Take a Hint, Dani Brown",Talia Hibbert,23 Jun 2020,Paperback,US$15.65,US$15.65
757,On the Night You Were Born,Nancy Tillman,01 Dec 2014,Board book,US$8.31,US$8.31
758,Interaction of Color,Josef Albers,01 Nov 2020,Paperback,US$20.05,US$20.05
759,Agent Sonya,Ben Macintyre,27 May 2021,Paperback,US$15.91,US$15.91
760,A Clockwork Orange,Anthony Burgess,16 Jun 2011,Paperback,US$9.63,US$18.25
761,The Artist's Way,Julia Cameron,08 Nov 2016,Paperback,US$18.48,US$18.48
762,Twelve Angry Men,Reginald Rose,14 Jul 2011,Paperback,US$11.10,US$14.00
763,Fish in a Tree,Lynda Mullaly Hunt,09 May 2017,Paperback,US$8.11,US$8.99
764,Percy Jackson and the Last Olympian (Book 5),Rick Riordan,04 Jul 2013,Paperback,US$15.12,US$15.12
765,The Picture of Dorian Gray,Oscar Wilde,28 Jun 2012,Paperback,US$9.52,US$9.52
766,The Myth of Sisyphus,Albert Camus,01 Oct 2005,Paperback,US$7.70,US$11.00
767,Of Mice and Men,Mr John Steinbeck,01 Mar 2007,Paperback,US$11.94,US$11.94
768,Loveless,Alice Oseman,20 Jul 2020,Paperback,US$13.42,US$13.42
769,Radio Silence,Alice Oseman,03 Mar 2016,Paperback,US$16.21,US$16.21
770,The Butterfly Lion,Michael Morpurgo,01 Mar 2012,Paperback,US$9.03,US$9.03
771,Gild,Raven Kennedy,01 Oct 2020,Paperback,US$18.57,US$18.99
772,"Chainsaw Man, Vol. 8",Tatsuki Fujimoto,23 Dec 2021,Paperback,US$11.49,US$11.49
773,The Land of Stories: The Wishing Spell,Chris Colfer,06 Jun 2013,Paperback,US$14.14,US$14.14
774,Waiting for Baby,,01 Feb 2010,Board book,US$7.68,US$7.68
775,The Art of Luca,,01 Jul 2021,Hardback,US$43.73,US$43.73
776,Liz Climo 2022 Daily Calendar,Liz Climo,19 Aug 2021,Calendar,US$16.69,US$16.69
777,Cook As You Are,Ruby Tandoh,07 Oct 2021,Paperback,US$25.88,US$27.46
778,What I Love About You,Studio Press,01 Jun 2019,Hardback,US$15.75,US$16.95
779,Snow Country,Sebastian Faulks,02 Sep 2021,Paperback,US$18.96,US$19.22
780,When We Cease to Understand the World,Benjamin Labatut,06 May 2021,Paperback,US$11.84,US$12.35
781,Maths Games for Clever Kids (R),Gareth Moore,08 Mar 2018,Paperback,US$5.74,US$6.86
782,Vinland Saga 12,Makoto Yukimura,26 Oct 2021,Hardback,US$20.58,US$22.99
783,Crystals for Beginners,Karen Frazier,17 Oct 2017,Paperback,US$15.98,US$15.98
784,Thinking in Systems,Donella Meadows,03 Dec 2008,Paperback,US$16.03,US$19.95
785,Growing Gourmet and Medicinal Mushrooms,Paul Stamets,08 Jul 2016,Paperback,US$47.59,US$47.59
786,Dune,Frank Herbert,03 Sep 2021,Paperback,US$15.66,US$15.66
787,On Earth We're Briefly Gorgeous,Ocean Vuong,17 Sep 2020,Paperback,US$16.02,US$16.02
788,The Children of Jocasta,Natalie Haynes,01 Jun 2021,Paperback,US$15.76,US$15.76
789,The Shadow Sister,Lucinda Riley,11 Jul 2019,Paperback,US$16.04,US$16.04
790,Defy the Night,Brigid Kemmerer,14 Sep 2021,Paperback,US$11.72,US$11.72
791,The Snail and the Whale,Julia Donaldson,06 Apr 2017,Board book,US$14.27,US$14.27
792,My Own Words,Ruth Bader Ginsburg,16 Oct 2018,Paperback,US$16.26,US$18.00
793,Relentless,Tim S. Grover,13 Mar 2014,Paperback,US$13.46,US$17.00
794,The Madness of Crowds,Douglas Murray,10 Sep 2020,Paperback,US$15.73,US$15.73
795,Redemptor,Hot Key Books,17 Aug 2021,Paperback,US$10.78,US$12.35
796,American Psycho,Bret Easton Ellis,08 Jan 2015,Paperback,US$10.93,US$12.35
797,Hani and Ishu's Guide to Fake Dating,Adiba Jaigirdar,27 May 2021,Paperback,US$9.73,US$10.98
798,The Famous Five Collection 1,Enid Blyton,06 Sep 2012,Paperback,US$17.20,US$17.50
799,"Death Note Black Edition, Vol. 2",Tsugumi Ohba,13 Apr 2011,Paperback,US$29.98,US$29.98
800,The Maidens,Alex Michaelides,10 Jun 2021,Hardback,US$17.50,US$20.59
801,Coraline,Neil Gaiman,10 Oct 2013,Paperback,US$9.55,US$9.60
802,Tiddler,Julia Donaldson,18 Jan 2017,Paperback,US$11.86,US$11.86
803,Medical Medium,Anthony William,23 Mar 2021,Hardback,US$40.35,US$40.35
804,Extreme Ownership,Jocko Willink,06 Dec 2017,Hardback,US$21.09,US$27.99
805,Inspired,Marty Cagan,30 Jan 2018,Hardback,US$23.60,US$30.00
806,Toe by Toe,Keda Cowling,01 Dec 1993,Paperback,US$47.10,US$47.10
807,Lonely Castle in the Mirror,Mizuki Tsujimura,22 Apr 2021,Paperback,US$20.94,US$20.94
808,Meditations,Marcus Aurelius,10 Feb 2020,Hardback,US$11.12,US$12.99
809,A Little Hatred,Joe Abercrombie,14 May 2020,Paperback,US$12.05,US$12.35
810,Nina Simone's Gum,Warren Ellis,19 Oct 2021,Hardback,US$26.72,US$27.95
811,Outline,Rachel Cusk,20 Jun 2018,Paperback,US$14.55,US$14.55
812,On All Fronts,Clarissa Ward,09 Sep 2021,Paperback,US$16.84,US$18.00
813,Spelling for Life,Lyn Stone,31 Aug 2021,Paperback,US$32.28,US$32.28
814,"Act Your Age, Eve Brown",Talia Hibbert,09 Mar 2021,Paperback,US$15.99,US$15.99
815,Circe,Madeline Miller,15 Jan 2020,Paperback,US$12.71,US$13.72
816,The Compound Effect,Darren Hardy,15 Sep 2020,Hardback,US$17.80,US$19.99
817,"Mastering the Art of French Cooking, Vol.1",Julia Child,24 Nov 2011,Paperback,US$21.09,US$29.00
818,"Index, A History of the",Dennis Duncan,02 Sep 2021,Hardback,US$26.82,US$27.48
819,East,Meera Sodha,22 Aug 2019,Hardback,US$32.38,US$32.38
820,Peepo! (Board Book),Allan Ahlberg,21 Jun 2011,Board book,US$9.93,US$13.75
821,XOXO,Axie Oh,05 Aug 2021,Hardback,US$17.40,US$17.99
822,The Upside of Falling,Alex Light,15 Apr 2021,Paperback,US$10.49,US$10.99
823,Crier's War,Nina Varela,17 Sep 2020,Paperback,US$11.09,US$11.09
824,The Complete TurtleTrader,Michael W Covel,31 Aug 2011,Paperback,US$13.82,US$17.99
825,Say Nothing,Patrick Radden Keefe,11 Oct 2019,Paperback,US$15.92,US$15.92
826,The Mirror and the Light,Hilary Mantel,29 Apr 2021,Paperback,US$17.12,US$17.12
827,Moleskine 2022 12-Month Weekly Pocket Hardcover Notebook: Ice Green,Moleskine,10 Jun 2021,Hardback,US$14.57,US$23.34
828,From One Mom to a Mother,Jessica Urlichs,30 Jul 2020,Paperback,US$11.88,US$13.50
829,Ley de lobos,Leigh Bardugo,29 Nov 2021,Hardback,US$20.99,US$23.45
830,Peril,Bob Woodward,21 Sep 2021,Hardback,US$29.41,US$30.00
831,Where Tomorrows Aren't Promised,Carmelo Anthony,14 Sep 2021,Hardback,US$24.10,US$28.00
832,"Blood On The Tracks, Volume 1",Shuzo Oshimi,27 Feb 2020,Paperback,US$12.62,US$12.95
833,Seasons of the Witch: Yule Oracle,Lorriane Anderson,16 Sep 2021,Cards,US$20.87,US$21.95
834,Little Bont and the Big Secret,Marcus Bontempelli,26 Oct 2021,Hardback,US$13.40,US$14.53
835,The Good Life,Hannah Moloney,31 Aug 2021,Paperback,US$49.38,US$49.38
836,The Art of Loving,Erich Fromm,10 Jul 1995,Paperback,US$6.07,US$12.64
837,The Dispossessed,Ursula K. Le Guin,12 Aug 1999,Paperback,US$19.31,US$19.31
838,Four Thousand Weeks,Oliver Burkeman,26 Aug 2021,Hardback,US$21.91,US$23.34
839,The Gift,Edith Eger,03 Sep 2020,Hardback,US$17.93,US$20.59
840,Know Your Rights,Angelina Jolie,02 Sep 2021,Paperback,US$9.87,US$10.98
841,Marvel: Storybook Collection Advent Calendar,Autumn Publishing,04 Oct 2021,Paperback,US$31.49,US$31.49
842,Bunny,Mona Awad,06 Feb 2020,Paperback,US$16.74,US$16.74
843,The Artist's Way,Julia Cameron,05 Nov 2020,Paperback,US$24.06,US$24.06
844,Gallant,V.E. Schwab,01 Mar 2022,Hardback,US$22.12,US$24.71
845,The Laws of Human Nature,Robert Greene,24 Oct 2018,Paperback,US$22.11,US$24.71
846,The Flip Out: Sam Kerr: Kicking Goals #1,Sam Kerr,15 Sep 2021,Paperback,US$25.11,US$25.11
847,Un-cook Yourself,Nat's What I Reckon,15 Dec 2020,Paperback,US$35.09,US$35.09
848,Wings of Fire 1-5 Boxed Set,"Tui,T Sutherland",01 Nov 2019,Paperback,US$42.70,US$43.62
849,A Touch of Darkness,Scarlett St. Clair,30 Nov 2021,Paperback,US$17.71,US$17.71
850,Self-Love Workbook for Women,Megan Logan,29 Sep 2020,Paperback,US$18.37,US$18.37
851,How a Realist Hero Rebuilt the Kingdom (Light Novel) Vol. 3,Dojyomaru,28 May 2019,Paperback,US$17.25,US$17.25
852,Our Dreams at Dusk: Shimanami Tasogare Vol. 1,Yuhki Kamatani,07 May 2019,Paperback,US$14.18,US$14.18
853,Witch Hat Atelier 1,Kamome Shirahama,09 Apr 2019,Paperback,US$13.41,US$13.41
854,The Gifts Of Imperfection,Brené Brown,04 Oct 2010,Paperback,US$14.43,US$14.95
855,Macbeth (No Fear Shakespeare),Sparknotes,23 Feb 2011,Paperback,US$8.57,US$8.57
856,Why Men Love Bitches,Sherry Argov,27 Jan 2011,Paperback,US$15.11,US$15.95
857,The Body,Stephen King,09 Sep 2021,Paperback,US$11.21,US$11.21
858,"Authentically, Uniquely You",Joyce Meyer,16 Sep 2021,Paperback,US$15.62,US$20.59
859,A Deadly Education,Naomi Novik,06 May 2021,Paperback,US$15.07,US$15.07
860,Beyond Behaviours,Mona Delahooke,19 Mar 2020,Paperback,US$24.93,US$27.46
861,Tales from the Cafe,Toshikazu Kawaguchi,24 Sep 2020,Paperback,US$13.78,US$13.78
862,We Hunt the Flame,Hafsah Faizal,18 Mar 2021,Paperback,US$14.80,US$14.80
863,The Gruffalo,Julia Donaldson,19 Aug 2016,Paperback,US$12.69,US$12.69
864,How Emotions Are Made,Lisa Feldman Barrett,08 Feb 2018,Paperback,US$15.38,US$15.38
865,The Bewitching of Aveline Jones,Phil Hickes,16 Sep 2021,Paperback,US$9.84,US$9.84
866,What Abigail Did That Summer,Ben Aaronovitch,16 Sep 2021,Paperback,US$11.00,US$11.00
867,The Bands of Mourning,Brandon Sanderson,12 Jan 2017,Paperback,US$16.44,US$16.44
868,Raybearer,Jordan Ifueko,18 Aug 2020,Paperback,US$11.21,US$12.35
869,Yoga Anatomy,Leslie Kaminoff,01 Nov 2011,Paperback,US$24.76,US$24.76
870,The 26-Storey Treehouse,Andy Griffiths,07 May 2015,Paperback,US$12.18,US$12.18
871,Death Note (All-in-One Edition),Tsugumi Ohba,21 Sep 2017,Paperback,US$71.21,US$71.21
872,"One-Punch Man, Vol. 2",ONE,01 Feb 2016,Paperback,US$20.67,US$20.67
873,Expecting Better,Emily Oster,09 Aug 2018,Paperback,US$15.20,US$15.20
874,The Two Lost Mountains,Matthew Reilly,22 Jul 2021,Paperback,US$11.51,US$12.35
875,Throne of Glass,Sarah J. Maas,26 Feb 2015,Paperback,US$12.57,US$12.57
876,The Whale Who Wanted More,Rachel Bright,05 Aug 2021,Paperback,US$10.35,US$10.35
877,There's A House Inside My Mummy Board Book,Giles Andreae,05 Jan 2012,Board book,US$9.31,US$9.60
878,Stick Man Early Reader,Julia Donaldson,06 Dec 2012,Paperback,US$6.83,US$11.25
879,Heroes,Stephen Fry,16 Jul 2019,Paperback,US$14.19,US$14.19
880,Cambridge IGCSE (R) First Language English Coursebook,Marian Cox,25 May 2018,Paperback,US$43.76,US$43.76
881,I Know Why The Caged Bird Sings,Maya Angelou,28 Aug 2018,Paperback,US$10.10,US$14.22
882,The Gift Of Therapy,Irvin Yalom,27 Feb 2003,Paperback,US$18.60,US$18.60
883,Make Your Bed,Admiral William H. McRaven,12 Jul 2017,Hardback,US$13.03,US$13.72
884,Spot Goes to the Farm,Eric Hill,27 Jun 2011,Board book,US$10.21,US$10.21
885,Create This Book,Moriah Elizaberh,17 May 2015,Paperback,US$18.97,US$18.97
886,The Essential Oils Apothecary,Eric Zielinski,07 Sep 2021,Paperback,US$21.46,US$21.46
887,The Trouble With Peace,Joe Abercrombie,13 May 2021,Paperback,US$11.30,US$12.35
888,Dune,Frank Herbert,30 May 2018,Hardback,US$24.46,US$24.46
889,Warbreaker,Brandon Sanderson,29 Dec 2011,Paperback,US$17.21,US$19.50
890,Mr Salary,Sally Rooney,03 Jan 2019,Paperback,US$7.80,US$7.80
891,"Philadelphia, Here I Come",Brian Friel,01 Mar 1994,Paperback,US$11.62,US$16.00
892,Bobby Fischer Teaches Chess,Bobby Fischer,01 Oct 1992,Paperback,US$8.25,US$8.99
893,Romeo and Juliet,William Shakespeare,01 Jul 1993,Paperback,US$3.42,US$3.42
894,Wabi Sabi,Beth Kempton,30 Aug 2018,Hardback,US$18.38,US$18.38
895,The Roommate,Rosie Danan,15 Sep 2020,Paperback,US$23.96,US$23.96
896,No-Drama Discipline,Daniel J. Siegel,12 Jul 2016,Paperback,US$15.47,US$17.00
897,Rebecca,Daphne Du Maurier,03 May 2016,Paperback,US$18.33,US$18.33
898,Wrinkle in Time,Madeleine L'Engle,01 May 2008,Paperback,US$7.80,US$7.80
899,Boundaries Updated and Expanded Edition,Dr. Henry Cloud,02 Nov 2017,Paperback,US$15.01,US$19.99
900,Norwegian Wood,Haruki Murakami,28 Apr 2011,Paperback,US$10.77,US$10.77
901,Lolita,Vladimir Nabokov,16 Jun 2011,Paperback,US$21.01,US$21.01
902,How to Change Your Mind,Michael Pollan,18 Jul 2019,Paperback,US$14.85,US$15.10
903,Two Can Keep a Secret,Karen M. McManus,10 Jan 2019,Paperback,US$11.00,US$11.00
904,Perfume,Patrick Süskind,01 Apr 2010,Paperback,US$16.28,US$19.75
905,I Capture The Castle,Dodie Smith,05 Feb 2004,Paperback,US$11.59,US$12.64
906,Howl's Moving Castle,Diana Wynne Jones,07 Aug 2001,Paperback,US$9.28,US$9.28
907,"Predictably Irrational, Revised",Dr Dan Ariely,24 Jun 2011,Paperback,US$9.67,US$9.67
908,MEGAMONSTER,David Walliams,24 Jun 2021,Hardback,US$23.42,US$23.42
909,Animal Farm,George Orwell,07 Jan 2021,Paperback,US$6.32,US$6.32
910,The Alchemist,Paulo Coelho,02 Jul 2015,Hardback,US$13.00,US$13.72
911,Foundation and Empire,Isaac Asimov,06 Oct 2016,Paperback,US$7.74,US$12.35
912,Legendary (Caraval 2),Stephanie Garber,28 Sep 2021,Paperback,US$16.59,US$17.95
913,The Book of St. Brigid,Colm Keane,08 Sep 2021,Paperback,US$19.00,US$20.61
914,Dessert Person,Claire Saffitz,20 Oct 2020,Hardback,US$35.02,US$35.02
915,What Colour Is Your Parachute? 2021,Richard N. Bolles,22 Dec 2020,Paperback,US$17.60,US$19.99
916,"Undead Unluck, Vol. 3",Yoshifumi Tozuka,14 Oct 2021,Paperback,US$10.31,US$10.31
917,"Spy x Family, Vol. 5",Tatsuya Endo,08 Jul 2021,Paperback,US$10.31,US$10.31
918,"My Hero Academia, Vol. 27",Kohei Horikoshi,10 Jun 2021,Paperback,US$9.57,US$9.99
919,Unsettled,Steven E. Koonin,04 May 2021,Hardback,US$23.18,US$24.95
920,The Phoenix Project,Gene Kim,27 Feb 2018,Paperback,US$23.12,US$24.00
921,The Magdalen Manuscript: The Alchemies of Horus & the Sex Magic of Isis,Tom Kenyon,01 Jan 2002,Paperback,US$21.93,US$21.93
922,The Labyrinth: Winner of the 2021 Miles Franklin,Amanda Lohrey,04 Aug 2020,Paperback,US$30.91,US$30.91
923,"The Good Enough Parent: How to raise contented, interesting and resilient children",The School of Life,19 Apr 2022,Hardback,US$28.23,US$28.23
924,The Seven Spiritual Laws of Success,Deepak Chopra,09 Mar 2015,Paperback,US$8.20,US$8.95
925,Frankenstein,Mary Shelley,01 Aug 1997,Paperback,US$4.30,US$5.99
926,Moby Dick,Herman Melville,01 Dec 1999,Paperback,US$6.01,US$6.01
927,The One Thing,Gary Keller,10 May 2016,Paperback,US$15.30,US$15.30
928,The Miracle Of Mindfulness,Thich Nhat Hanh,07 Feb 2008,Paperback,US$14.65,US$14.65
929,The PodyCharts foot charts for reflexology,Annie Trigg,31 Jul 2021,Paperback,US$51.60,US$51.60
930,The Invisible Life of Addie LaRue Export Edition,V. E. Schwab,08 Oct 2020,Paperback,US$24.15,US$24.15
931,Healing Is the New High,Vex King,13 Apr 2021,Paperback,US$20.24,US$20.24
932,Moonology (TM) Manifestation Oracle,Yasmin Boland,19 Oct 2021,Cards,US$19.68,US$21.99
933,The Denial of Death,Ernest Becker,05 Mar 2020,Paperback,US$15.13,US$15.13
934,The Disney Book of Maps,,01 Oct 2020,Hardback,US$22.77,US$22.77
935,The Humans,Matt Haig,09 Aug 2018,Paperback,US$14.24,US$14.24
936,Rick Stein at Home,Rick Stein,30 Nov 2021,Hardback,US$37.84,US$49.95
937,Eat to Beat Disease: The Body's Five Defence Systems and the Foods that Could Save Your Life,Dr William Li,03 May 2019,Paperback,US$24.01,US$24.01
938,The Girl in The Tower,Katherine Arden,09 Aug 2018,Paperback,US$19.99,US$19.99
939,The Three-Body Problem,Cixin Liu,01 Feb 2016,Paperback,US$13.54,US$13.54
940,The Gifts of Imperfection,Brene Brown,08 Sep 2020,Hardback,US$21.06,US$21.06
941,The Second Sex (Vintage Feminism Short Edition),Simone de Beauvoir,05 Mar 2015,Paperback,US$6.72,US$6.86
942,A Vindication of the Rights of Woman (Vintage Feminism Short Edition),Mary Wollstonecraft,05 Mar 2015,Paperback,US$6.67,US$8.95
943,The Rise of the Ultra Runners,Adharanand Finn,02 Apr 2020,Paperback,US$12.71,US$13.72
944,How to Stop Time,Matt Haig,01 Jan 2018,Paperback,US$14.22,US$14.22
945,At Night All Blood is Black,David Diop,06 May 2021,Paperback,US$14.42,US$14.42
946,LEGO (R): Official Annual 2022 (with Tread Octane minifigure),Buster Books,16 Sep 2021,Hardback,US$11.26,US$11.26
947,The Kids' Book of Crosswords 1,Gareth Moore,06 Apr 2017,Paperback,US$4.59,US$5.48
948,The Fast 800,Dr Michael Mosley,02 Jan 2019,Paperback,US$18.45,US$18.45
949,Mortals,Rachel Menzies,14 Sep 2021,Paperback,US$37.60,US$37.60
950,"Kinship: Belonging in a World of Relations, 5-Volume Set",,18 Nov 2021,Paperback,US$69.36,US$100.00
951,Boyfriend Material,Alexis Hall,07 Aug 2020,Paperback,US$15.56,US$15.56
952,"Blue Ocean Strategy, Expanded Edition: How to Create Uncontested Market Space and Make the Competition Irrelevant",W. Chan Kim,13 Feb 2015,Hardback,US$26.20,US$32.00
953,Vinland Saga 1,Makoto Yukimura,25 Jul 2019,Hardback,US$23.02,US$23.02
954,StrengthsFinder 2.0,Gallup,24 Jul 2015,Hardback,US$30.98,US$39.99
955,Mycelium Running,Paul Stamets,10 Oct 2017,Paperback,US$36.59,US$36.59
956,Layla,Colleen Hoover,08 Dec 2020,Paperback,US$12.51,US$14.95
957,The Sun Dog,Stephen King,09 Sep 2021,Paperback,US$11.21,US$11.21
958,Kingdom of the Wicked,Kerri Maniscalco,28 Sep 2021,Paperback,US$10.73,US$12.35
959,Vaxxers,Sarah Gilbert,15 Feb 2022,Hardback,US$22.45,US$28.99
960,Lily's Promise,Lily Ebert,02 Sep 2021,Hardback,US$25.34,US$26.09
961,Cinderella Is Dead,Kalynn Bayron,06 Aug 2020,Paperback,US$10.88,US$10.98
962,A Court of Silver Flames,Sarah J. Maas,16 Feb 2021,Hardback,US$26.44,US$26.44
963,Indistractable,Nir Eyal,06 Feb 2020,Paperback,US$15.22,US$15.22
964,A Tale of Magic: A Tale of Sorcery,Chris Colfer,30 Sep 2021,Hardback,US$18.20,US$18.20
965,Plague of Corruption,Judy Mikovits,30 Sep 2021,Paperback,US$18.57,US$19.99
966,The Boy At the Back of the Class,Onjali Q. Rauf,12 Jul 2018,Paperback,US$9.59,US$10.98
967,The Pearl Sister,Lucinda Riley,05 Apr 2018,Paperback,US$18.90,US$18.90
968,A Squash and a Squeeze,Julia Donaldson,23 Sep 2016,Paperback,US$12.20,US$12.75
969,Oh Crap! Potty Training,Jamie Glowacki,26 Jul 2018,Paperback,US$14.95,US$16.99
970,Exciting Times,Naoise Dolan,04 Mar 2021,Paperback,US$16.02,US$16.02
971,Home Stretch,Graham Norton,29 Apr 2021,Paperback,US$15.89,US$15.89
972,Legendary,Stephanie Garber,21 Feb 2019,Paperback,US$13.86,US$13.86
973,Make Your Bed,Admiral William H. McRaven,25 May 2017,Hardback,US$17.34,US$20.00
974,What Really Happened In Wuhan,Sharri Markson,30 Sep 2021,Hardback,US$25.95,US$28.99
975,The Henna Wars,Adiba Jaigirdar,07 Jan 2021,Paperback,US$14.33,US$14.33
976,Grains of Gold Coloring Book,Hanna Karlzon,31 Aug 2021,Hardback,US$18.81,US$18.81
977,"Haikyu!!, Vol. 1",Haruichi Furudate,28 Jul 2016,Paperback,US$20.29,US$20.29
978,Smashed: Junji Ito Story Collection,Junji Ito,16 May 2019,Hardback,US$21.98,US$22.99
979,Gyo (2-in-1 Deluxe Edition),Junji Ito,07 May 2015,Hardback,US$26.72,US$26.72
980,"One Piece (Omnibus Edition), Vol. 2",Eiichiro Oda,18 Aug 2011,Paperback,US$28.95,US$28.95
981,Live Beautiful,Athena Calderone,03 Mar 2020,Hardback,US$42.32,US$42.32
982,A Song for the Dark Times,Ian Rankin,29 Apr 2021,Paperback,US$15.24,US$15.24
983,Harry Potter and the Deathly Hallows,J.K. ROWLING,01 Sep 2014,Paperback,US$14.27,US$14.27
984,The Love Hypothesis,Ali Hazelwood,21 Oct 2021,Paperback,US$13.00,US$13.00
985,The Assassin's Blade,Sarah J. Maas,13 Mar 2015,Paperback,US$13.67,US$13.67
986,Zog and the Flying Doctors,Julia Donaldson,07 Sep 2017,Paperback,US$15.74,US$15.74
987,Where's Wally?,Martin Handford,26 Jul 2011,Paperback,US$9.46,US$9.46
988,Guess How Much I Love You,Sam McBratney,19 Dec 2014,Board book,US$10.52,US$10.52
989,Limitless,Jim Kwik,07 Apr 2020,Hardback,US$24.15,US$26.99
990,Cracking the Coding Interview,Gayle Laakmann McDowell,01 Jul 2015,Paperback,US$49.00,US$49.00
991,The Heart of Yoga,T.K.V. Desikachar,09 Nov 1999,Paperback,US$16.37,US$19.95
992,AI 2041,Kai-Fu Lee,16 Sep 2021,Paperback,US$21.86,US$21.86
993,See Inside How Things Work,Conrad Mason,02 Oct 2009,Board book,US$18.46,US$18.46
994,Hokusai: The Great Picture Book of Everything,Timothy Clark,30 Sep 2021,Hardback,US$33.56,US$37.50
995,We're Going on a Bear Hunt,Michael Rosen,01 Oct 1997,Board book,US$8.98,US$8.98
996,The House on Mango Street,Sandra Cisneros,03 Apr 1991,Paperback,US$10.43,US$11.95
997,The Final Empire,Brandon Sanderson,01 Dec 2009,Paperback,US$18.07,US$18.07
998,The Highly Sensitive Person: How to Thrive When the World Overwhelms You,Elaine N. Aron,15 Jun 2017,Paperback,US$15.05,US$16.99
999,"The Boy Who Was Raised as a Dog, 3rd Edition",Bruce D. Perry,31 Aug 2017,Paperback,US$16.35,US$18.99
1000,The Drama of the Gifted Child,Alice Miller,22 Jul 2008,Paperback,US$14.64,US$15.99
1001,The Complete Poetry Of Edgar Allan Poe,Edgar Allan Poe,26 Nov 2009,Paperback,US$5.04,US$5.04
1002,"Bob Books - Set 1: Beginning Readers Box Set Phonics, Ages 4 and Up, Kindergarten (Stage 1: Starting to Read)",John R Maslen,01 May 2006,Paperback,US$17.72,US$17.99
1003,Man and His Symbols,C. G. Jung,01 Jun 1997,Paperback,US$9.31,US$9.31
1004,"Peaceful Parent, Happy Siblings",Dr. Laura Markham,05 May 2015,Paperback,US$15.57,US$17.00
1005,The Red Book,C. G. Jung,01 Oct 2018,Hardback,US$38.08,US$39.95
1006,Bridgerton: The Duke and I (Bridgertons Book 1),Julia Quinn,04 Feb 2021,Paperback,US$15.47,US$15.47
1007,The Forty Rules of Love,Elif Shafak,02 Apr 2015,Paperback,US$12.19,US$12.35
1008,Peppa Pig: The Official Annual 2022,Peppa Pig,02 Sep 2021,Hardback,US$14.08,US$14.08
1009,Oxford Handbook of Clinical Medicine,Ian B. Wilkinson,27 Sep 2017,Paperback,US$45.84,US$45.84
1010,"Elements of Style, The","William Strunk, Jr.",31 Aug 1999,Paperback,US$8.81,US$9.99
1011,The Qur'an,,29 Aug 2008,Paperback,US$11.22,US$12.95
1012,English Pastoral,James Rebanks,02 Sep 2021,Paperback,US$12.89,US$13.72
1013,All the Bright Places,Jennifer Niven,08 Jan 2015,Paperback,US$11.59,US$11.59
1014,Murder Most Unladylike,Robin Stevens,17 Mar 2016,Paperback,US$11.10,US$11.10
1015,Outliers,Malcolm Gladwell,04 Jun 2009,Paperback,US$10.20,US$10.20
1016,The Brain That Changes Itself,Norman Doidge,07 Aug 2008,Paperback,US$17.95,US$17.95
1017,The Old Man and the Sea,Ernest Hemingway,18 Aug 1994,Paperback,US$14.89,US$14.89
1018,Cultish,Amanda Montell,22 Jul 2021,Hardback,US$25.79,US$27.99
1019,The Hard Thing About Hard Things,Ben Horowitz,24 Apr 2014,Hardback,US$24.60,US$29.99
